Date(UTC),Avg Gas Price (Wei),Value (USD),Cost Per Gas Unit (USD),Deploy (off-chain),Deploy (onchain),grantRole,revokeRole,setBandwidth,initialize,input,initEvaluation,output (off-chain),output (on-chain),Avg Gas Price (Wei),Value (USD),Cost Per Gas Unit (USD),Deploy (off-chain),Deploy (onchain),grantRole,revokeRole,setBandwidth,initialize,input,initEvaluation,output (off-chain),output (on-chain)
2022-07-01,35552904252,1058.01,3.76E-05,86.0594700,104.1870866,1.9570503,1.1333498,1.1429041,2.7159772,4.8275136,1.1588154,10.6940754,13.3853017,149584257833,0.46,6.88E-08,0.1574264,0.1905868,0.0035800,0.0020732,0.0020907,0.0049683,0.0088308,0.0021198,0.0195624,0.0244854
2022-07-02,19367055591,1065.69,2.06E-05,47.2202521,57.1667533,1.0738203,0.6218614,0.6271038,1.4902384,2.6488242,0.6358342,5.8677672,7.3444250,108397769607,0.49,5.31E-08,0.1215207,0.1471179,0.0027635,0.0016004,0.0016138,0.0038351,0.0068167,0.0016363,0.0151006,0.0189008
2022-07-03,21176660058,1072.95,2.27E-05,51.9841277,62.9340944,1.1821541,0.6845987,0.6903700,1.6405830,2.9160543,0.6999812,6.4597444,8.0853767,109447979540,0.46,5.03E-08,0.1151859,0.1394487,0.0026194,0.0015169,0.0015297,0.0036352,0.0064614,0.0015510,0.0143134,0.0179155
2022-07-04,26864964814,1149.81,3.09E-05,70.6718026,85.5581520,1.6071244,0.9307038,0.9385498,2.2303531,3.9643410,0.9516161,8.7819456,10.9919733,123382474465,0.49,6.05E-08,0.1383195,0.1674552,0.0031455,0.0018216,0.0018369,0.0043653,0.0077590,0.0018625,0.0171881,0.0215136
2022-07-05,33127985821,1131.96,3.75E-05,85.7945940,103.8664170,1.9510268,1.1298616,1.1393865,2.7076179,4.8126554,1.1552488,10.6611609,13.3441041,122665112924,0.51,6.26E-08,0.1431281,0.1732767,0.0032548,0.0018849,0.0019008,0.0045170,0.0080288,0.0019273,0.0177856,0.0222615
2022-07-06,34027332279,1185.41,4.03E-05,92.2848265,111.7237558,2.0986191,1.2153339,1.2255794,2.9124451,5.1767255,1.2426416,11.4676618,14.3535656,116318276681,0.53,6.16E-08,0.1410450,0.1707548,0.0032075,0.0018575,0.0018731,0.0044513,0.0079119,0.0018992,0.0175268,0.0219375
2022-07-07,40761793061,1236.64,5.04E-05,115.3268370,139.6193487,2.6226099,1.5187829,1.5315865,3.6396350,6.4692692,1.5529089,14.3309492,17.9374159,100189362705,0.56,5.61E-08,0.1283641,0.1554027,0.0029191,0.0016905,0.0017047,0.0040511,0.0072006,0.0017285,0.0159510,0.0199652
2022-07-08,30264170187,1214,3.67E-05,84.0584289,101.7645450,1.9115453,1.1069974,1.1163295,2.6528257,4.7152650,1.1318708,10.4454185,13.0740688,121108057078,0.61,7.39E-08,0.1690194,0.2046218,0.0038436,0.0022259,0.0022446,0.0053341,0.0094812,0.0022759,0.0210030,0.0262885
2022-07-09,29505264147,1216.53,3.59E-05,82.1213616,99.4194528,1.8674951,1.0814874,1.0906045,2.5916932,4.6066051,1.1057877,10.2047112,12.7727861,90662987502,0.59,5.35E-08,0.1223815,0.1481600,0.0027830,0.0016117,0.0016253,0.0038623,0.0068650,0.0016479,0.0152076,0.0190347
2022-07-10,21041133292,1167.31,2.46E-05,56.1938962,68.0306110,1.2778870,0.7400388,0.7462774,1.7734404,3.1522016,0.7566669,6.9828662,8.7401451,95850974396,0.57,5.46E-08,0.1249986,0.1513284,0.0028426,0.0016462,0.0016600,0.0039449,0.0070118,0.0016831,0.0155328,0.0194417
2022-07-11,32310421336,1095.67,3.54E-05,80.9946258,98.0553807,1.8418723,1.0666490,1.0756410,2.5561342,4.5434007,1.0906158,10.0646987,12.5975387,115391570784,0.56,6.46E-08,0.1478414,0.1789827,0.0033620,0.0019470,0.0019634,0.0046658,0.0082932,0.0019907,0.0183713,0.0229946
2022-07-12,27739123781,1037.37,2.88E-05,65.8355145,79.7031455,1.4971439,0.8670129,0.8743219,2.0777232,3.6930490,0.8864941,8.1809702,10.2397589,107745916740,0.54,5.82E-08,0.1331154,0.1611549,0.0030271,0.0017530,0.0017678,0.0042010,0.0074671,0.0017924,0.0165414,0.0207042
2022-07-13,34350933701,1114.57,3.83E-05,87.5950786,106.0461567,1.9919711,1.1535729,1.1632976,2.7644399,4.9136537,1.1794928,10.8848960,13.6241433,215326152797,0.64,1.38E-07,0.3152903,0.3817032,0.0071699,0.0041522,0.0041872,0.0099503,0.0176862,0.0042455,0.0391792,0.0490388
2022-07-14,36726172033,1192.56,4.38E-05,100.2050742,121.3123291,2.2787309,1.3196387,1.3307634,3.1624026,5.6210125,1.3492900,12.4518617,15.5854452,199878514048,0.71,1.42E-07,0.3246820,0.3930733,0.0073835,0.0042759,0.0043119,0.0102467,0.0182131,0.0043719,0.0403462,0.0504996
2022-07-15,34767999413,1231.23,4.28E-05,97.9383317,118.5681186,2.2271836,1.2897871,1.3006602,3.0908658,5.4938594,1.3187677,12.1701877,15.2328863,168197564033,0.7,1.18E-07,0.2693714,0.3261120,0.0061257,0.0035475,0.0035774,0.0085012,0.0151104,0.0036272,0.0334731,0.0418968
2022-07-16,26046133732,1356.31,3.53E-05,80.8232000,97.8478456,1.8379740,1.0643914,1.0733644,2.5507241,4.5337846,1.0883075,10.0433967,12.5708759,196545039737,0.73,1.43E-07,0.3282606,0.3974056,0.0074649,0.0043230,0.0043594,0.0103597,0.0184138,0.0044201,0.0407909,0.0510562
2022-07-17,24906210932,1337.97,3.33E-05,76.2408710,92.3002922,1.7337687,1.0040450,1.0125092,2.4061090,4.2767384,1.0266052,9.4739792,11.8581611,130242582290,0.75,9.77E-08,0.2234848,0.2705598,0.0050822,0.0029432,0.0029680,0.0070530,0.0125364,0.0030093,0.0277711,0.0347598
2022-07-18,35135781862,1583.55,5.56E-05,127.2961339,154.1098653,2.8947998,1.6764111,1.6905435,4.0173777,7.1406879,1.7140789,15.8182994,19.7990664,254894477566,0.96,2.45E-07,0.5598420,0.6777674,0.0127312,0.0073728,0.0074349,0.0176682,0.0314044,0.0075384,0.0695681,0.0870753
2022-07-19,35586273832,1543.12,5.49E-05,125.6365574,152.1007146,2.8570599,1.6545555,1.6685037,3.9650026,7.0475938,1.6917322,15.6120741,19.5409433,266525951007,0.93,2.48E-07,0.5670956,0.6865489,0.0128961,0.0074683,0.0075313,0.0178971,0.0318113,0.0076361,0.0704694,0.0882035
2022-07-20,34127877817,1521.72,5.19E-05,118.8167977,143.8444367,2.7019740,1.5647435,1.5779345,3.7497757,6.6650388,1.5999022,14.7646249,18.4802287,173737163056,0.83,1.44E-07,0.3299170,0.3994108,0.0075025,0.0043448,0.0043814,0.0104120,0.0185067,0.0044424,0.0409967,0.0513138
2022-07-21,24472978230,1575.68,3.86E-05,88.2243887,106.8080250,2.0062820,1.1618605,1.1716551,2.7843005,4.9489549,1.1879667,10.9630964,13.7220234,150623261320,0.91,1.37E-07,0.3135936,0.3796492,0.0071313,0.0041298,0.0041646,0.0098968,0.0175911,0.0042226,0.0389683,0.0487749
2022-07-22,19100551087,1535.71,2.93E-05,67.1102600,81.2464040,1.5261325,0.8838005,0.8912511,2.1179532,3.7645560,0.9036589,8.3393749,10.4380271,109302631131,0.85,9.29E-08,0.2125609,0.2573348,0.0048338,0.0027993,0.0028229,0.0067083,0.0119236,0.0028622,0.0264136,0.0330608
2022-07-23,15792987351,1549.19,2.45E-05,55.9761190,67.7669611,1.2729346,0.7371708,0.7433852,1.7665675,3.1399854,0.7537345,6.9558044,8.7062730,88457391316,0.87,7.70E-08,0.1760707,0.2131584,0.0040040,0.0023187,0.0023383,0.0055567,0.0098767,0.0023708,0.0218792,0.0273852
2022-07-24,13689431825,1597.72,2.19E-05,50.0403002,60.5808180,1.1379501,0.6589997,0.6645552,1.5792372,2.8070151,0.6738070,6.2181971,7.7830425,109902692716,0.88,9.67E-08,0.2212712,0.2678798,0.0050319,0.0029140,0.0029386,0.0069832,0.0124122,0.0029795,0.0274960,0.0344155
2022-07-25,23754872466,1438.01,3.42E-05,78.1534979,94.6157960,1.7772632,1.0292331,1.0379097,2.4664702,4.3840274,1.0523592,9.7116494,12.1556425,151905325619,0.77,1.17E-07,0.2676070,0.3239759,0.0060856,0.0035242,0.0035539,0.0084455,0.0150114,0.0036034,0.0332539,0.0416224
2022-07-26,27645007068,1449.61,4.01E-05,91.6857185,110.9984514,2.0849950,1.2074440,1.2176230,2.8935377,5.1431185,1.2345745,11.3932144,14.2603830,160995866785,0.78,1.26E-07,0.2873050,0.3478231,0.0065335,0.0037836,0.0038155,0.0090671,0.0161164,0.0038686,0.0357016,0.0446861
2022-07-27,23574798199,1636.88,3.86E-05,88.2873817,106.8842870,2.0077145,1.1626901,1.1724917,2.7862885,4.9524885,1.1888149,10.9709242,13.7318210,176358273658,0.9,1.59E-07,0.3631384,0.4396301,0.0082580,0.0047823,0.0048226,0.0114604,0.0203703,0.0048898,0.0451250,0.0564809
2022-07-28,27005607346,1725.82,4.66E-05,106.6309449,129.0917489,2.4248595,1.4042634,1.4161015,3.3651986,5.9814723,1.4358162,13.2503648,16.5848961,179141069565,0.93,1.67E-07,0.3811640,0.4614527,0.0086679,0.0050197,0.0050620,0.0120293,0.0213814,0.0051325,0.0473649,0.0592845
2022-07-29,19415115915,1722.28,3.34E-05,76.5028400,92.6174425,1.7397261,1.0074949,1.0159883,2.4143765,4.2914336,1.0301327,9.5065324,11.8989066,151811013231,0.94,1.43E-07,0.3264863,0.3952575,0.0074245,0.0042996,0.0043359,0.0103037,0.0183143,0.0043962,0.0405704,0.0507802
2022-07-30,12277416442,1697.52,2.08E-05,47.6821356,57.7259282,1.0843239,0.6279441,0.6332378,1.5048151,2.6747336,0.6420536,5.9251626,7.4162642,108014068874,0.93,1.00E-07,0.2298249,0.2782354,0.0052264,0.0030267,0.0030522,0.0072531,0.0128920,0.0030947,0.0285589,0.0357459
2022-07-31,11543215897,1679.55,1.94E-05,44.3561218,53.6993209,1.0086881,0.5841426,0.5890670,1.3998484,2.4881606,0.5972679,5.5118596,6.8989511,118978117005,0.93,1.11E-07,0.2531535,0.3064778,0.0057569,0.0033339,0.0033620,0.0079893,0.0142007,0.0034088,0.0314578,0.0393743
2022-08-01,23580872768,1630.62,3.85E-05,87.9724022,106.5029599,2.0005517,1.1585420,1.1683086,2.7763480,4.9348197,1.1845736,10.9317836,13.6828305,117534551152,0.89,1.05E-07,0.2393257,0.2897374,0.0054424,0.0031518,0.0031783,0.0075530,0.0134250,0.0032226,0.0297395,0.0372236
2022-08-02,17447426756,1631.11,2.85E-05,65.1101125,78.8249442,1.4806478,0.8574598,0.8646883,2.0548300,3.6523575,0.8767263,8.0908290,10.1269331,281631412293,0.88,2.48E-07,0.5670190,0.6864562,0.0128944,0.0074673,0.0075302,0.0178947,0.0318070,0.0076351,0.0704599,0.0881916
2022-08-03,15725584672,1618.68,2.55E-05,58.2373511,70.5045005,1.3243566,0.7669498,0.7734153,1.8379304,3.2668294,0.7841826,7.2367937,9.0579749,124269564429,0.89,1.11E-07,0.2530397,0.3063401,0.0057543,0.0033324,0.0033605,0.0079858,0.0141943,0.0034073,0.0314437,0.0393566
2022-08-04,17102541649,1607.96,2.75E-05,62.9172466,76.1701719,1.4307806,0.8285811,0.8355662,1.9856246,3.5293485,0.8471987,7.8183352,9.7858647,102640731249,0.89,9.14E-08,0.2089987,0.2530223,0.0047528,0.0027524,0.0027756,0.0065959,0.0117238,0.0028142,0.0259710,0.0325067
2022-08-05,17134974698,1736.78,2.98E-05,68.0866691,82.4284845,1.5483367,0.8966592,0.9042182,2.1487680,3.8193277,0.9168065,8.4607072,10.5898933,105995530161,0.93,9.86E-08,0.2255300,0.2730358,0.0051287,0.0029701,0.0029951,0.0071176,0.0126511,0.0030368,0.0280252,0.0350779
2022-08-06,11788764416,1690.67,1.99E-05,45.5995909,55.2047152,1.0369654,0.6005183,0.6055808,1.4390914,2.5579131,0.6140116,5.6663777,7.0923547,84139492424,0.91,7.66E-08,0.1751762,0.2120754,0.0039836,0.0023070,0.0023264,0.0055284,0.0098265,0.0023588,0.0217681,0.0272461
2022-08-07,12459101119,1700.54,2.12E-05,48.4738343,58.6843908,1.1023276,0.6383703,0.6437519,1.5298006,2.7191440,0.6527141,6.0235421,7.5394015,75605145630,0.91,6.88E-08,0.1574079,0.1905644,0.0035796,0.0020730,0.0020904,0.0049677,0.0088298,0.0021195,0.0195601,0.0244825
2022-08-08,20888856665,1777.99,3.71E-05,84.9723825,102.8710143,1.9323292,1.1190336,1.1284672,2.6816694,4.7665333,1.1441775,10.5589898,13.2162210,112007876519,0.92,1.03E-07,0.2357600,0.2854207,0.0053613,0.0031048,0.0031310,0.0074404,0.0132250,0.0031746,0.0292964,0.0366691
2022-08-09,22435156603,1703.41,3.82E-05,87.4343547,105.8515778,1.9883161,1.1514562,1.1611632,2.7593676,4.9046379,1.1773286,10.8649238,13.5991451,115275324070,0.89,1.03E-07,0.2347254,0.2841681,0.0053378,0.0030912,0.0031172,0.0074078,0.0131669,0.0031606,0.0291679,0.0365081
2022-08-10,32790380268,1854.05,6.08E-05,139.0918574,168.3902467,3.1630425,1.8317535,1.8471954,4.3896425,7.8023701,1.8729117,17.2840806,21.6337200,195428056071,0.94,1.84E-07,0.4202895,0.5088196,0.0095577,0.0055350,0.0055816,0.0132640,0.0235762,0.0056593,0.0522268,0.0653699
2022-08-11,26961948839,1881.06,5.07E-05,116.0346616,140.4762699,2.6387063,1.5281045,1.5409866,3.6619734,6.5089746,1.5624400,14.4189062,18.0475078,114199168591,0.92,1.05E-07,0.2403724,0.2910046,0.0054662,0.0031656,0.0031922,0.0075860,0.0134837,0.0032367,0.0298696,0.0373864
2022-08-12,20744690017,1959.26,4.06E-05,92.9892689,112.5765823,2.1146386,1.2246110,1.2349346,2.9346768,5.2162413,1.2521271,11.5551985,14.4631314,113689507687,0.94,1.07E-07,0.2445018,0.2960038,0.0055601,0.0032199,0.0032471,0.0077163,0.0137153,0.0032923,0.0303827,0.0380287
2022-08-13,13437723600,1984.29,2.67E-05,61.0048915,73.8549971,1.3872923,0.8033966,0.8101693,1.9252720,3.4220748,0.8214483,7.5806987,9.4884256,160683186694,1.03,1.66E-07,0.3786531,0.4584128,0.0086108,0.0049866,0.0050287,0.0119500,0.0212406,0.0050987,0.0470529,0.0588940
2022-08-14,14343206452,1936.02,2.78E-05,63.5316157,76.9139520,1.4447517,0.8366720,0.8437252,2.0050137,3.5638116,0.8554714,7.8946790,9.8814209,118417858442,1,1.18E-07,0.2709262,0.3279943,0.0061610,0.0035679,0.0035980,0.0085502,0.0151976,0.0036481,0.0336663,0.0421386
2022-08-15,25490752408,1899.64,4.84E-05,110.7867371,134.1229196,2.5193650,1.4589926,1.4712921,3.4963526,6.2145919,1.4917752,13.7667792,17.2312693,133837155951,0.95,1.27E-07,0.2908936,0.3521676,0.0066151,0.0038309,0.0038632,0.0091804,0.0163177,0.0039170,0.0361475,0.0452443
2022-08-16,15518320871,1877.16,2.91E-05,66.6468811,80.6854187,1.5155950,0.8776981,0.8850972,2.1033293,3.7385627,0.8974193,8.2817937,10.3659552,112758322383,0.93,1.05E-07,0.2399194,0.2904562,0.0054559,0.0031596,0.0031862,0.0075717,0.0134583,0.0032306,0.0298133,0.0373160
2022-08-17,15840742318,1834.04,2.91E-05,66.4688468,80.4698832,1.5115463,0.8753535,0.8827328,2.0977107,3.7285759,0.8950221,8.2596705,10.3382646,158934008819,0.88,1.40E-07,0.3199877,0.3873901,0.0072767,0.0042140,0.0042496,0.0100986,0.0179497,0.0043087,0.0397629,0.0497694
2022-08-18,15531651130,1846.36,2.87E-05,65.6096651,79.4297230,1.4920080,0.8640386,0.8713226,2.0705955,3.6803800,0.8834529,8.1529053,10.2046313,103070852235,0.86,8.86E-08,0.2028001,0.2455180,0.0046118,0.0026708,0.0026933,0.0064002,0.0113761,0.0027308,0.0252007,0.0315426
2022-08-19,21371448232,1609.05,3.44E-05,78.6751001,95.2472687,1.7891248,1.0361023,1.0448368,2.4829316,4.4132867,1.0593828,9.7764657,12.2367701,173523672733,0.77,1.34E-07,0.3056914,0.3700825,0.0069516,0.0040258,0.0040597,0.0096474,0.0171478,0.0041162,0.0379864,0.0475459
2022-08-20,14312223578,1575.73,2.26E-05,51.5967951,62.4651739,1.1733459,0.6794978,0.6852260,1.6283591,2.8943268,0.6947656,6.4116130,8.0251327,136937008701,0.79,1.08E-07,0.2475037,0.2996381,0.0056284,0.0032595,0.0032869,0.0078110,0.0138837,0.0033327,0.0307557,0.0384956
2022-08-21,10779092286,1617.86,1.74E-05,39.8985340,48.3027844,0.9073195,0.5254389,0.5298685,1.2591701,2.2381118,0.5372452,4.9579428,6.2056380,178123205969,0.82,1.46E-07,0.3341705,0.4045604,0.0075993,0.0044008,0.0044379,0.0105462,0.0187453,0.0044997,0.0415253,0.0519754
2022-08-22,18066664879,1624.65,2.94E-05,67.1539581,81.2993067,1.5271262,0.8843760,0.8918314,2.1193323,3.7670072,0.9042473,8.3448050,10.4448237,141224062289,0.81,1.14E-07,0.2617143,0.3168420,0.0059516,0.0034466,0.0034757,0.0082595,0.0146809,0.0035241,0.0325216,0.0407059
2022-08-23,16511696178,1664.76,2.75E-05,62.8893538,76.1364037,1.4301463,0.8282138,0.8351957,1.9847444,3.5277839,0.8468232,7.8148691,9.7815264,121474008323,0.83,1.01E-07,0.2306722,0.2792611,0.0052456,0.0030378,0.0030634,0.0072799,0.0129396,0.0031061,0.0286642,0.0358777
2022-08-24,15702512320,1656.52,2.60E-05,59.5113275,72.0468280,1.3533277,0.7837273,0.7903342,1.8781362,3.3382932,0.8013371,7.3951028,9.2561234,111036010404,0.81,8.99E-08,0.2057703,0.2491139,0.0046794,0.0027099,0.0027327,0.0064940,0.0115427,0.0027708,0.0255698,0.0320046
2022-08-25,20904763641,1695.85,3.55E-05,81.1085259,98.1932728,1.8444625,1.0681490,1.0771536,2.5597288,4.5497900,1.0921495,10.0788524,12.6152542,101333799715,0.82,8.31E-08,0.1901087,0.2301533,0.0043232,0.0025036,0.0025247,0.0059997,0.0106642,0.0025599,0.0236236,0.0295686
2022-08-26,18105901387,1508.09,2.73E-05,62.4713976,75.6304090,1.4206416,0.8227096,0.8296451,1.9715540,3.5043386,0.8411953,7.7629323,9.7165193,230590340470,0.77,1.78E-07,0.4062241,0.4917913,0.0092378,0.0053497,0.0053948,0.0128201,0.0227872,0.0054699,0.0504789,0.0631823
2022-08-27,11733733734,1491.26,1.75E-05,40.0334860,48.4661627,0.9103884,0.5272162,0.5316607,1.2634290,2.2456820,0.5390624,4.9747125,6.2266278,138200875161,0.81,1.12E-07,0.2561118,0.3100594,0.0058242,0.0033728,0.0034013,0.0080827,0.0143666,0.0034486,0.0318254,0.0398345
2022-08-28,11329800648,1426.4,1.62E-05,36.9740828,44.7623251,0.8408155,0.4869257,0.4910306,1.1668764,2.0740645,0.4978666,4.5945395,5.7507820,127074892310,0.78,9.91E-08,0.2267713,0.2745386,0.0051569,0.0029864,0.0030116,0.0071567,0.0127208,0.0030535,0.0281795,0.0352710
2022-08-29,19473457572,1552.4,3.02E-05,69.1640656,83.7328244,1.5728374,0.9108478,0.9185264,2.1827699,3.8797644,0.9313140,8.5945885,10.7574667,136604921452,0.82,1.12E-07,0.2562796,0.3102625,0.0058280,0.0033750,0.0034035,0.0080880,0.0143760,0.0034509,0.0318463,0.0398606
2022-08-30,23714139361,1524.62,3.62E-05,82.7185269,100.1424053,1.8810750,1.0893517,1.0985351,2.6105393,4.6401031,1.1138287,10.2789172,12.8656665,227251392370,0.81,1.84E-07,0.4211389,0.5098479,0.0095770,0.0055461,0.0055929,0.0132909,0.0236238,0.0056708,0.0523323,0.0655020
2022-08-31,26136983036,1554.16,4.06E-05,92.9362179,112.5123566,2.1134322,1.2239123,1.2342301,2.9330026,5.2132654,1.2514128,11.5486061,14.4548800,195475267729,0.83,1.62E-07,0.3711964,0.4493854,0.0084413,0.0048884,0.0049296,0.0117147,0.0208223,0.0049983,0.0461263,0.0577342
2022-09-01,23613263110,1585.98,3.75E-05,85.6815913,103.7296114,1.9484571,1.1283734,1.1378858,2.7040516,4.8063165,1.1537272,10.6471188,13.3265282,154211559634,0.88,1.36E-07,0.3104798,0.3758795,0.0070605,0.0040888,0.0041233,0.0097985,0.0174164,0.0041807,0.0385814,0.0482906
2022-09-02,17102479580,1574.02,2.69E-05,61.5889980,74.5621401,1.4005753,0.8110889,0.8179265,1.9437060,3.4548403,0.8293135,7.6532820,9.5792749,140824211136,0.87,1.23E-07,0.2803047,0.3393483,0.0063743,0.0036914,0.0037226,0.0088462,0.0157237,0.0037744,0.0348317,0.0435973
2022-09-03,10161641535,1557.54,1.58E-05,36.2106975,43.8381398,0.8234556,0.4768724,0.4808925,1.1427845,2.0312423,0.4875874,4.4996783,5.6320485,99737834714,0.89,8.88E-08,0.2030878,0.2458663,0.0046184,0.0026745,0.0026971,0.0064093,0.0113922,0.0027346,0.0252365,0.0315874
2022-09-04,11434326814,1579.06,1.81E-05,41.3088443,50.0101632,0.9393909,0.5440119,0.5485980,1.3036785,2.3172233,0.5562354,5.1331933,6.4249913,95838389214,0.9,8.63E-08,0.1973403,0.2389082,0.0044877,0.0025988,0.0026208,0.0062279,0.0110698,0.0026572,0.0245223,0.0306934
2022-09-05,14619902921,1617.5,2.36E-05,54.1031547,65.4994746,1.2303422,0.7125050,0.7185115,1.7074580,3.0349213,0.7285145,6.7230628,8.4149606,93631115029,0.88,8.24E-08,0.1885110,0.2282191,0.0042869,0.0024826,0.0025035,0.0059493,0.0105745,0.0025384,0.0234251,0.0293201
2022-09-06,19269708826,1558.9,3.00E-05,68.7269737,83.2036632,1.5628977,0.9050916,0.9127217,2.1689756,3.8552457,0.9254284,8.5402738,10.6894834,158173627613,0.82,1.30E-07,0.2967439,0.3592502,0.0067482,0.0039079,0.0039409,0.0093650,0.0166459,0.0039957,0.0368745,0.0461542
2022-09-07,24171122353,1630,3.94E-05,90.1401409,109.1273123,2.0498475,1.1870897,1.1970971,2.8447603,5.0564192,1.2137628,11.2011550,14.0199908,142741592760,0.84,1.20E-07,0.2743239,0.3321076,0.0062383,0.0036127,0.0036431,0.0086575,0.0153882,0.0036938,0.0340885,0.0426671
2022-09-08,27017252517,1635.6,4.42E-05,101.1002187,122.3960273,2.2990871,1.3314272,1.3426513,3.1906528,5.6712257,1.3613434,12.5630958,15.7246719,128686053972,0.85,1.09E-07,0.2502558,0.3029699,0.0056910,0.0032957,0.0033235,0.0078979,0.0140381,0.0033698,0.0310977,0.0389237
2022-09-09,25466962749,1719.35,4.38E-05,100.1786690,121.2803619,2.2781304,1.3192909,1.3304127,3.1615693,5.6195313,1.3489345,12.4485805,15.5813382,128358437579,0.89,1.14E-07,0.2613655,0.3164197,0.0059436,0.0034420,0.0034710,0.0082485,0.0146613,0.0035194,0.0324783,0.0406516
2022-09-10,15146464248,1774.69,2.69E-05,61.4989325,74.4531033,1.3985271,0.8099028,0.8167304,1.9408636,3.4497881,0.8281007,7.6420901,9.5652665,100183681417,0.91,9.12E-08,0.2085798,0.2525151,0.0047432,0.0027469,0.0027700,0.0065826,0.0117003,0.0028086,0.0259189,0.0324416
2022-09-11,13281379803,1767.02,2.35E-05,53.6930992,65.0030447,1.2210172,0.7071048,0.7130658,1.6945170,3.0119192,0.7229930,6.6721077,8.3511824,97329475483,0.89,8.66E-08,0.1981838,0.2399294,0.0045068,0.0026100,0.0026320,0.0062545,0.0111171,0.0026686,0.0246271,0.0308246
2022-09-12,21385726349,1716.53,3.67E-05,83.9864481,101.6774021,1.9099084,1.1060494,1.1153736,2.6505540,4.7112273,1.1309016,10.4364739,13.0628732,130872151065,0.93,1.22E-07,0.2784608,0.3371159,0.0063324,0.0036672,0.0036981,0.0087880,0.0156203,0.0037496,0.0346026,0.0433105
2022-09-13,23605410036,1574.56,3.72E-05,85.0363429,102.9484474,1.9337837,1.1198759,1.1293166,2.6836880,4.7701212,1.1450387,10.5669378,13.2261691,219960974088,0.85,1.87E-07,0.4277582,0.5178615,0.0097275,0.0056333,0.0056808,0.0134998,0.0239951,0.0057599,0.0531549,0.0665316
2022-09-14,17084508729,1639.6,2.80E-05,64.0876307,77.5870863,1.4573959,0.8439943,0.8511093,2.0225612,3.5950013,0.8629583,7.9637715,9.9679009,122692628765,0.87,1.07E-07,0.2442146,0.2956560,0.0055536,0.0032162,0.0032433,0.0077072,0.0136992,0.0032884,0.0303470,0.0379840
2022-09-15,23102480251,1472.51,3.40E-05,77.8306526,94.2249463,1.7699214,1.0249814,1.0336222,2.4562814,4.3659174,1.0480120,9.6715314,12.1054286,172574677040,0.82,1.42E-07,0.3237611,0.3919584,0.0073625,0.0042637,0.0042997,0.0102177,0.0181614,0.0043595,0.0402318,0.0503563
2022-09-16,13923035887,1433.97,2.00E-05,45.6780778,55.2997345,1.0387502,0.6015520,0.6066231,1.4415684,2.5623158,0.6150684,5.6761308,7.1045621,109015322796,0.81,8.83E-08,0.2020256,0.2445804,0.0045942,0.0026606,0.0026830,0.0063758,0.0113326,0.0027203,0.0251045,0.0314221
2022-09-17,8870964174,1469.05,1.30E-05,29.8154394,36.0957808,0.6780232,0.3926508,0.3959609,0.9409546,1.6724997,0.4014734,3.7049793,4.6373589,88928787282,0.83,7.38E-08,0.1688707,0.2044417,0.0038402,0.0022239,0.0022427,0.0053294,0.0094728,0.0022739,0.0209845,0.0262654
2022-09-18,11782591937,1334.3,1.57E-05,35.9689810,43.5455080,0.8179588,0.4736892,0.4776824,1.1351561,2.0176832,0.4843326,4.4696417,5.5944530,144399743804,0.75,1.08E-07,0.2477773,0.2999692,0.0056346,0.0032631,0.0032906,0.0078197,0.0138991,0.0033364,0.0307897,0.0385382
2022-09-19,14407629126,1376.21,1.98E-05,45.3639686,54.9194612,1.0316072,0.5974153,0.6024516,1.4316554,2.5446958,0.6108388,5.6370984,7.0557070,156832370837,0.77,1.21E-07,0.2762869,0.3344841,0.0062829,0.0036385,0.0036692,0.0087194,0.0154983,0.0037203,0.0343325,0.0429724
2022-09-20,15549616707,1323.07,2.06E-05,47.0691463,56.9838186,1.0703841,0.6198715,0.6250971,1.4854696,2.6403479,0.6337995,5.8489903,7.3209227,100294374545,0.73,7.32E-08,0.1675071,0.2027909,0.0038092,0.0022060,0.0022246,0.0052864,0.0093963,0.0022555,0.0208151,0.0260533
2022-09-21,18644158099,1246.29,2.32E-05,53.1613130,64.3592427,1.2089241,0.7001015,0.7060035,1.6777342,2.9820886,0.7158323,6.6060259,8.2684708,200983703429,0.7,1.41E-07,0.3218790,0.3896798,0.0073197,0.0042389,0.0042747,0.0101583,0.0180558,0.0043342,0.0399979,0.0500636
2022-09-22,14196384851,1326.15,1.88E-05,43.0729111,52.1458141,0.9795070,0.5672435,0.5720255,1.3593512,2.4161788,0.5799891,5.3524029,6.6993663,95878210162,0.75,7.19E-08,0.1645186,0.1991729,0.0037413,0.0021666,0.0021849,0.0051921,0.0092287,0.0022153,0.0204437,0.0255885
2022-09-23,13064001814,1326.95,1.73E-05,39.6610860,48.0153201,0.9019198,0.5223119,0.5267151,1.2516764,2.2247921,0.5340479,4.9284366,6.1687064,111367595467,0.78,8.69E-08,0.1987409,0.2406038,0.0045195,0.0026173,0.0026394,0.0062721,0.0111484,0.0026761,0.0246963,0.0309113
2022-09-24,9076087361,1317.11,1.20E-05,27.3498234,33.1108060,0.6219534,0.3601802,0.3632166,0.8631414,1.5341908,0.3682732,3.3985926,4.2538681,73454810230,0.75,5.51E-08,0.1260420,0.1525916,0.0028663,0.0016599,0.0016739,0.0039778,0.0070703,0.0016972,0.0156625,0.0196040
2022-09-25,10957389389,1294.72,1.42E-05,32.4576269,39.2945202,0.7381083,0.4274468,0.4310502,1.0243402,1.8207135,0.4370512,4.0333075,5.0483129,72694731207,0.74,5.38E-08,0.1230746,0.1489991,0.0027988,0.0016208,0.0016345,0.0038841,0.0069039,0.0016572,0.0152937,0.0191425
2022-09-26,16537249259,1336.65,2.21E-05,50.5725423,61.2251719,1.1500537,0.6660090,0.6716236,1.5960343,2.8368713,0.6809738,6.2843355,7.8658251,85480879860,0.76,6.50E-08,0.1486334,0.1799416,0.0033800,0.0019574,0.0019739,0.0046908,0.0083376,0.0020014,0.0184697,0.0231178
2022-09-27,22611010328,1328.11,3.00E-05,68.7049181,83.1769619,1.5623961,0.9048012,0.9124288,2.1682795,3.8540085,0.9251314,8.5375331,10.6860530,88922464585,0.74,6.58E-08,0.1505487,0.1822604,0.0034236,0.0019826,0.0019993,0.0047512,0.0084450,0.0020272,0.0187078,0.0234157
2022-09-28,19756181085,1337.15,2.64E-05,60.4389538,73.1698501,1.3744225,0.7959435,0.8026534,1.9074114,3.3903285,0.8138278,7.5103731,9.4004022,105771921510,0.75,7.93E-08,0.1814953,0.2197256,0.0041273,0.0023902,0.0024103,0.0057279,0.0101810,0.0024439,0.0225533,0.0282290
2022-09-29,18787473879,1335.9,2.51E-05,57.4217139,69.5170570,1.3058084,0.7562084,0.7625833,1.8121894,3.2210761,0.7731998,7.1354395,8.9311143,82175638538,0.76,6.25E-08,0.1428863,0.1729839,0.0032493,0.0018817,0.0018976,0.0045094,0.0080152,0.0019240,0.0177556,0.0222239
2022-09-30,18854642753,1328.7,2.51E-05,57.3164197,69.3895836,1.3034140,0.7548217,0.7611849,1.8088664,3.2151697,0.7717820,7.1223552,8.9147373,94083317263,0.78,7.34E-08,0.1678963,0.2032620,0.0038181,0.0022111,0.0022297,0.0052987,0.0094182,0.0022608,0.0208634,0.0261138
2022-10-01,11418509105,1311.8,1.50E-05,34.2697424,41.4883408,0.7793170,0.4513113,0.4551159,1.0815293,1.9223642,0.4614519,4.2584879,5.3301611,64084554873,0.77,4.93E-08,0.1128958,0.1366763,0.0025673,0.0014868,0.0014993,0.0035629,0.0063329,0.0015202,0.0140289,0.0175593
2022-10-02,8482736656,1276.69,1.08E-05,24.7773727,29.9964928,0.5634541,0.3263026,0.3290534,0.7819567,1.3898889,0.3336344,3.0789301,3.8537608,77731184942,0.76,5.91E-08,0.1351583,0.1636281,0.0030736,0.0017800,0.0017950,0.0042655,0.0075817,0.0018199,0.0167953,0.0210219
2022-10-03,17718303421,1323.32,2.34E-05,53.6439590,64.9435536,1.2198998,0.7064577,0.7124132,1.6929661,3.0091626,0.7223313,6.6660014,8.3435394,76407758161,0.8,6.11E-08,0.1398496,0.1693076,0.0031803,0.0018417,0.0018573,0.0044136,0.0078449,0.0018831,0.0173782,0.0217516
2022-10-04,17621542205,1361.9,2.40E-05,54.9063970,66.4719122,1.2486084,0.7230832,0.7291789,1.7328078,3.0799792,0.7393304,6.8228767,8.5398933,74125609811,0.84,6.23E-08,0.1424562,0.1724633,0.0032396,0.0018761,0.0018919,0.0044958,0.0079911,0.0019182,0.0177021,0.0221570
2022-10-05,20507549173,1352.44,2.77E-05,63.4549608,76.8211505,1.4430085,0.8356625,0.8427072,2.0025945,3.5595117,0.8544392,7.8851536,9.8694983,72065550544,0.85,6.13E-08,0.1401459,0.1696663,0.0031870,0.0018456,0.0018612,0.0044229,0.0078615,0.0018871,0.0174151,0.0217977
2022-10-06,15623298162,1352.4,2.11E-05,48.3405619,58.5230459,1.0992969,0.6366152,0.6419820,1.5255946,2.7116681,0.6509195,6.0069812,7.5186729,89490039586,0.83,7.43E-08,0.1699365,0.2057320,0.0038645,0.0022380,0.0022568,0.0053631,0.0095326,0.0022882,0.0211169,0.0264312
2022-10-07,13492009638,1331.14,1.80E-05,41.0898152,49.7449977,0.9344101,0.5411274,0.5456892,1.2967661,2.3049368,0.5532861,5.1059759,6.3909245,74127430473,0.83,6.15E-08,0.1407638,0.1704143,0.0032011,0.0018538,0.0018694,0.0044424,0.0078962,0.0018954,0.0174918,0.0218938
2022-10-08,20622354179,1315.47,2.71E-05,62.0658919,75.1394874,1.4114202,0.8173693,0.8242598,1.9587565,3.4815917,0.8357350,7.7125426,9.6534488,56404493486,0.81,4.57E-08,0.1045280,0.1265458,0.0023770,0.0013766,0.0013882,0.0032988,0.0058635,0.0014075,0.0129890,0.0162578
2022-10-09,31287093350,1323.41,4.14E-05,94.7312878,114.6855411,2.1542533,1.2475523,1.2580693,2.9896537,5.3139600,1.2755839,11.7716683,14.7340771,62488138710,0.83,5.19E-08,0.1186614,0.1436563,0.0026984,0.0015627,0.0015759,0.0037449,0.0066563,0.0015978,0.0147453,0.0184561
2022-10-10,37582169969,1290.04,4.85E-05,110.9222934,134.2870295,2.5224476,1.4607778,1.4730924,3.5006306,6.2221959,1.4936005,13.7836240,17.2523531,72076229703,0.81,5.84E-08,0.1335706,0.1617060,0.0030375,0.0017590,0.0017739,0.0042154,0.0074927,0.0017986,0.0165980,0.0207750
2022-10-11,29333893936,1279.79,3.75E-05,85.8899285,103.9818327,1.9531948,1.1311171,1.1406526,2.7106265,4.8180032,1.1565325,10.6730076,13.3589320,74530654916,0.79,5.89E-08,0.1347088,0.1630839,0.0030634,0.0017740,0.0017890,0.0042513,0.0075565,0.0018139,0.0167394,0.0209520
2022-10-12,22281959320,1294.29,2.88E-05,65.9809834,79.8792559,1.5004520,0.8689286,0.8762538,2.0823141,3.7012091,0.8884528,8.1990467,10.2623845,101372450945,0.78,7.91E-08,0.1809041,0.2190098,0.0041139,0.0023824,0.0024025,0.0057092,0.0101478,0.0024359,0.0224798,0.0281370
2022-10-13,27488686311,1287.51,3.54E-05,80.9726602,98.0287883,1.8413728,1.0663597,1.0753493,2.5554410,4.5421686,1.0903201,10.0619692,12.5941223,296131574279,0.78,2.31E-07,0.5284612,0.6397766,0.0120176,0.0069595,0.0070182,0.0166779,0.0296441,0.0071159,0.0656686,0.0821945
2022-10-14,20982958370,1296.63,2.72E-05,62.2467378,75.3584267,1.4155327,0.8197509,0.8266615,1.9644639,3.4917363,0.8381702,7.7350152,9.6815768,269211458162,0.79,2.13E-07,0.4865802,0.5890737,0.0110652,0.0064080,0.0064620,0.0153561,0.0272948,0.0065519,0.0604643,0.0756805
2022-10-15,19676288930,1274.91,2.51E-05,57.3926833,69.4819114,1.3051483,0.7558260,0.7621978,1.8112733,3.2194477,0.7728089,7.1318320,8.9265990,211120263711,0.79,1.67E-07,0.3815846,0.4619618,0.0086775,0.0050252,0.0050676,0.0120425,0.0214050,0.0051381,0.0474171,0.0593499
2022-10-16,17822373644,1305.87,2.33E-05,53.2475096,64.4635959,1.2108842,0.7012367,0.7071482,1.6804545,2.9869238,0.7169930,6.6167371,8.2818774,152259319021,0.8,1.22E-07,0.2786812,0.3373828,0.0063374,0.0036701,0.0037010,0.0087950,0.0156326,0.0037525,0.0346300,0.0433448
2022-10-17,27647227186,1331.52,3.68E-05,84.2234615,101.9643402,1.9152982,1.1091707,1.1185212,2.6580340,4.7245226,1.1340930,10.4659261,13.0997372,136022120593,0.85,1.16E-07,0.2645223,0.3202414,0.0060154,0.0034836,0.0035130,0.0083481,0.0148384,0.0035619,0.0328705,0.0411426
2022-10-18,29217198083,1310.78,3.83E-05,87.6197849,106.0760671,1.9925329,1.1538982,1.1636257,2.7652196,4.9150396,1.1798255,10.8879661,13.6279860,205390158804,0.86,1.77E-07,0.4041214,0.4892458,0.0091900,0.0053220,0.0053669,0.0127538,0.0226692,0.0054416,0.0502177,0.0628552
2022-10-19,33130272753,1284.85,4.26E-05,97.3893016,117.9034405,2.2146983,1.2825567,1.2933688,3.0735388,5.4630615,1.3113748,12.1019632,15.1474926,262367330459,0.84,2.20E-07,0.5042232,0.6104331,0.0114664,0.0066403,0.0066963,0.0159129,0.0282844,0.0067895,0.0626567,0.0784246
2022-10-20,35367998733,1282.68,4.54E-05,103.7916989,125.6544425,2.3602931,1.3668723,1.3783952,3.2755940,5.8222046,1.3975850,12.8975493,16.1432926,238646126354,0.81,1.93E-07,0.4422555,0.5354124,0.0100572,0.0058242,0.0058733,0.0139573,0.0248084,0.0059551,0.0549563,0.0687864
2022-10-21,34341965708,1299.88,4.46E-05,102.1320909,123.6452537,2.3225525,1.3450163,1.3563550,3.2232179,5.7291087,1.3752379,12.6913201,15.8851647,233299403453,0.83,1.94E-07,0.4430222,0.5363407,0.0100746,0.0058343,0.0058835,0.0139815,0.0248514,0.0059654,0.0550516,0.0689057
2022-10-22,21906854720,1313.91,2.88E-05,65.8535903,79.7250287,1.4975550,0.8672509,0.8745620,2.0782936,3.6940630,0.8867375,8.1832164,10.2425703,145199848317,0.83,1.21E-07,0.2757262,0.3338054,0.0062702,0.0036311,0.0036618,0.0087017,0.0154669,0.0037127,0.0342628,0.0428852
2022-10-23,17543495100,1364.2,2.39E-05,54.7555287,66.2892649,1.2451776,0.7210963,0.7271753,1.7280465,3.0715162,0.7372989,6.8041292,8.5164279,159985675690,0.9,1.44E-07,0.3294257,0.3988161,0.0074914,0.0043383,0.0043749,0.0103964,0.0184792,0.0044358,0.0409357,0.0512374
2022-10-24,23547153638,1343.83,3.16E-05,72.3963317,87.6459369,1.6463413,0.9534148,0.9614522,2.2847780,4.0610787,0.9748373,8.9962422,11.2601988,202032498695,0.89,1.80E-07,0.4113818,0.4980355,0.0093551,0.0054176,0.0054633,0.0129829,0.0230765,0.0055394,0.0511199,0.0639845
2022-10-25,25761288525,1460.37,3.76E-05,86.0724759,104.2028321,1.9573461,1.1335211,1.1430769,2.7163876,4.8282432,1.1589905,10.6956916,13.3873246,364648675945,0.92,3.35E-07,0.7675316,0.9292049,0.0174542,0.0101079,0.0101931,0.0242228,0.0430548,0.0103350,0.0953764,0.1193784
2022-10-26,23444016929,1566.85,3.67E-05,84.0413963,101.7439247,1.9111579,1.1067731,1.1161033,2.6522882,4.7143096,1.1316415,10.4433020,13.0714196,260522626550,0.94,2.45E-07,0.5602826,0.6783008,0.0127412,0.0073786,0.0074408,0.0176821,0.0314291,0.0075444,0.0696228,0.0871438
2022-10-27,19868396622,1514.35,3.01E-05,68.8371520,83.3370496,1.5654032,0.9065426,0.9141849,2.1724528,3.8614262,0.9269120,8.5539650,10.7066201,196136381198,0.9,1.77E-07,0.4038634,0.4889334,0.0091841,0.0053186,0.0053635,0.0127456,0.0226548,0.0054381,0.0501856,0.0628151
2022-10-28,20187568905,1555.12,3.14E-05,71.8260097,86.9554820,1.6333718,0.9459040,0.9538781,2.2667790,4.0290864,0.9671578,8.9253718,11.1714935,139426441312,0.94,1.31E-07,0.2998519,0.3630129,0.0068188,0.0039489,0.0039822,0.0094631,0.0168202,0.0040376,0.0372607,0.0466376
2022-10-29,16847981456,1620.42,2.73E-05,62.4610502,75.6178820,1.4204063,0.8225733,0.8295077,1.9712274,3.5037582,0.8410559,7.7616465,9.7149100,144923402512,0.93,1.35E-07,0.3083580,0.3733108,0.0070123,0.0040609,0.0040951,0.0097316,0.0172974,0.0041521,0.0383177,0.0479606
2022-10-30,11954787469,1590.93,1.90E-05,43.5137731,52.6795394,0.9895325,0.5730494,0.5778803,1.3732645,2.4409090,0.5859254,5.4071861,6.7679359,87273299067,0.91,7.94E-08,0.1817007,0.2199742,0.0041320,0.0023929,0.0024131,0.0057343,0.0101925,0.0024467,0.0225788,0.0282609
2022-10-31,23932842965,1572.88,3.76E-05,86.1239009,104.2650893,1.9585155,1.1341984,1.1437598,2.7180106,4.8311279,1.1596830,10.7020819,13.3953230,136587567941,0.9,1.23E-07,0.2812467,0.3404887,0.0063957,0.0037038,0.0037351,0.0088760,0.0157766,0.0037871,0.0349488,0.0437438
2022-11-01,18522412597,1578.51,2.92E-05,66.8926965,80.9830128,1.5211850,0.8809353,0.8883617,2.1110871,3.7523517,0.9007293,8.3123396,10.4041882,119486271088,0.87,1.04E-07,0.2378324,0.2879296,0.0054085,0.0031321,0.0031585,0.0075058,0.0133412,0.0032025,0.0295540,0.0369914
2022-11-02,21233333626,1518.33,3.22E-05,73.7595346,89.2962857,1.6773415,0.9713673,0.9795561,2.3277997,4.1375476,0.9931933,9.1656389,11.4722253,262018587966,0.87,2.28E-07,0.5215370,0.6313939,0.0118601,0.0068683,0.0069262,0.0164593,0.0292557,0.0070226,0.0648082,0.0811175
2022-11-03,33662933314,1530.87,5.15E-05,117.9027895,142.7379014,2.6811888,1.5527066,1.5657961,3.7209302,6.6137674,1.5875948,14.6510468,18.3380680,183509680828,0.95,1.74E-07,0.3988562,0.4828716,0.0090703,0.0052527,0.0052970,0.0125876,0.0223739,0.0053707,0.0495634,0.0620363
2022-11-04,23525904169,1645.06,3.87E-05,88.5445586,107.1956357,2.0135629,1.1660769,1.1759071,2.7944048,4.9669149,1.1922778,11.0028819,13.7718212,586761460860,1.17,6.87E-07,1.5706566,1.9015007,0.0357178,0.0206846,0.0208589,0.0495688,0.0881061,0.0211493,0.1951757,0.2442928
2022-11-05,15613710939,1627.42,2.54E-05,58.1352568,70.3809009,1.3220349,0.7656053,0.7720594,1.8347084,3.2611024,0.7828079,7.2241070,9.0420956,294440463076,1.19,3.50E-07,0.8016379,0.9704954,0.0182298,0.0105571,0.0106461,0.0252991,0.0449680,0.0107943,0.0996146,0.1246831
2022-11-06,15597214302,1568.75,2.45E-05,55.9802185,67.7719242,1.2730279,0.7372248,0.7434397,1.7666969,3.1402153,0.7537897,6.9563138,8.7069106,242279865329,1.14,2.76E-07,0.6319111,0.7650172,0.0143701,0.0083219,0.0083920,0.0199427,0.0354471,0.0085089,0.0785237,0.0982846
2022-11-07,22116856933,1568.45,3.47E-05,79.3647949,96.0822413,1.8048089,1.0451851,1.0539962,2.5046979,4.4519752,1.0686697,9.8621698,12.3440422,310241445504,1.26,3.91E-07,0.8943431,1.0827281,0.0203380,0.0117779,0.0118772,0.0282248,0.0501683,0.0120426,0.1111345,0.1391021
2022-11-08,56990615164,1334.22,7.60E-05,173.9660900,210.6104080,3.9561060,2.2910255,2.3103392,5.4902491,9.7586433,2.3425032,21.6176847,27.0579008,1228075132829,1.04,1.28E-06,2.9220799,3.5375885,0.0664501,0.0384820,0.0388064,0.0922188,0.1639143,0.0393466,0.3631087,0.4544871
2022-11-09,61054537493,1104.17,6.74E-05,154.2366914,186.7251973,3.5074462,2.0312016,2.0483249,4.8676030,8.6519209,2.0768412,19.1660350,23.9892791,522160040685,0.81,4.23E-07,0.9676593,1.1714876,0.0220052,0.0127435,0.0128509,0.0305387,0.0542809,0.0130298,0.1202450,0.1505054
2022-11-10,43173312118,1296.01,5.60E-05,128.0140187,154.9789657,2.9111250,1.6858652,1.7000773,4.0400336,7.1809577,1.7237454,15.9075064,19.9107229,351981531425,1.12,3.94E-07,0.9019277,1.0919102,0.0205104,0.0118778,0.0119780,0.0284642,0.0505937,0.0121447,0.1120769,0.1402818
2022-11-11,29642986414,1285.23,3.81E-05,87.1638933,105.5241463,1.9821656,1.1478944,1.1575713,2.7508320,4.8894663,1.1736868,10.8313153,13.5570787,304927287261,1.06,3.23E-07,0.7394962,0.8952641,0.0168166,0.0097387,0.0098208,0.0233380,0.0414821,0.0099575,0.0918926,0.1150179
2022-11-12,20449710205,1254.95,2.57E-05,58.7147738,71.0824878,1.3352135,0.7732372,0.7797556,1.8529975,3.2936104,0.7906112,7.2961200,9.1322310,173730134434,0.94,1.63E-07,0.3736258,0.4523265,0.0084965,0.0049204,0.0049619,0.0117914,0.0209586,0.0050310,0.0464282,0.0581121
2022-11-13,20228404244,1219.85,2.47E-05,56.4549290,68.3466280,1.2838231,0.7434764,0.7497440,1.7816784,3.1668443,0.7601818,7.0153031,8.7807450,120799671739,0.89,1.08E-07,0.2459742,0.2977864,0.0055936,0.0032393,0.0032666,0.0077628,0.0137979,0.0033121,0.0305657,0.0382577
2022-11-14,24185417485,1241.39,3.00E-05,68.6903363,83.1593085,1.5620645,0.9046091,0.9122351,2.1678194,3.8531905,0.9249351,8.5357211,10.6837850,224439941108,0.92,2.06E-07,0.4724129,0.5719223,0.0107430,0.0062214,0.0062738,0.0149090,0.0265000,0.0063612,0.0587038,0.0734770
2022-11-15,23904583061,1252,2.99E-05,68.4729933,82.8961842,1.5571220,0.9017468,0.9093487,2.1609602,3.8409986,0.9220085,8.5087133,10.6499805,129311182919,0.94,1.22E-07,0.2780979,0.3366766,0.0063241,0.0036624,0.0036933,0.0087766,0.0155999,0.0037447,0.0345575,0.0432541
2022-11-16,21839911114,1215.24,2.65E-05,60.7220932,73.5126300,1.3808613,0.7996723,0.8064136,1.9163471,3.4062112,0.8176404,7.5455571,9.4444404,117704545303,0.9,1.06E-07,0.2423648,0.2934167,0.0055115,0.0031918,0.0032187,0.0076489,0.0135955,0.0032635,0.0301172,0.0376963
2022-11-17,23174606735,1199.45,2.78E-05,63.5957851,76.9916381,1.4462110,0.8375170,0.8445774,2.0070389,3.5674112,0.8563355,7.9026529,9.8914015,135310206644,0.87,1.18E-07,0.2693293,0.3260610,0.0061247,0.0035469,0.0035768,0.0084998,0.0151081,0.0036266,0.0334679,0.0418903
2022-11-18,18793247928,1210.98,2.28E-05,52.0682073,63.0358846,1.1840661,0.6857060,0.6914866,1.6432365,2.9207707,0.7011133,6.4701925,8.0984541,89062424053,0.88,7.84E-08,0.1793127,0.2170832,0.0040777,0.0023614,0.0023813,0.0056590,0.0100586,0.0024145,0.0222821,0.0278895
2022-11-19,16207722481,1216.52,1.97E-05,45.1102316,54.6122769,1.0258370,0.5940738,0.5990819,1.4236476,2.5304624,0.6074222,5.6055681,7.0162419,75931971908,0.88,6.68E-08,0.1528767,0.1850787,0.0034765,0.0020133,0.0020303,0.0048247,0.0085756,0.0020585,0.0189970,0.0237777
2022-11-20,16269578627,1140.47,1.86E-05,42.4515920,51.3936200,0.9653778,0.5590611,0.5637741,1.3397428,2.3813258,0.5716228,5.2751955,6.6027291,100783784255,0.81,8.16E-08,0.1867710,0.2261126,0.0042473,0.0024597,0.0024804,0.0058944,0.0104769,0.0025149,0.0232089,0.0290495
2022-11-21,17628559163,1105.99,1.95E-05,44.6068781,54.0028967,1.0143904,0.5874449,0.5923972,1.4077621,2.5022268,0.6006444,5.5430195,6.9379526,149990337904,0.8,1.20E-07,0.2745283,0.3323551,0.0062430,0.0036154,0.0036458,0.0086639,0.0153997,0.0036966,0.0341139,0.0426989
2022-11-22,19352296295,1137.75,2.20E-05,50.3747797,60.9857525,1.1455564,0.6634046,0.6689972,1.5897931,2.8257777,0.6783108,6.2597608,7.8350660,260063112609,0.85,2.21E-07,0.5057449,0.6122753,0.0115010,0.0066603,0.0067165,0.0159610,0.0283698,0.0068100,0.0628458,0.0786613
2022-11-23,16841257313,1183.69,1.99E-05,45.6085538,55.2155660,1.0371692,0.6006364,0.6056998,1.4393743,2.5584159,0.6141322,5.6674915,7.0937487,122359721957,0.86,1.05E-07,0.2407525,0.2914647,0.0054749,0.0031706,0.0031973,0.0075980,0.0135050,0.0032418,0.0299168,0.0374456
2022-11-24,15759583946,1202.96,1.90E-05,43.3740270,52.5103572,0.9863546,0.5712090,0.5760244,1.3688542,2.4330699,0.5840437,5.3898207,6.7462005,95521937721,0.85,8.12E-08,0.1857616,0.2248905,0.0042243,0.0024464,0.0024670,0.0058625,0.0104203,0.0025013,0.0230834,0.0288925
2022-11-25,14240047285,1198.4,1.71E-05,39.0433472,47.2674605,0.8878720,0.5141767,0.5185112,1.2321809,2.1901400,0.5257299,4.8516741,6.0726261,81766126997,0.84,6.87E-08,0.1571399,0.1902400,0.0035735,0.0020694,0.0020869,0.0049592,0.0088148,0.0021159,0.0195268,0.0244408
2022-11-26,13584856927,1204.94,1.64E-05,37.4502138,45.3387486,0.8516431,0.4931961,0.4973538,1.1819028,2.1007731,0.5042779,4.6537053,5.8248373,82422922362,0.85,7.01E-08,0.1602879,0.1940510,0.0036451,0.0021109,0.0021287,0.0050586,0.0089914,0.0021583,0.0199180,0.0249305
2022-11-27,13384995286,1193.2,1.60E-05,36.5397253,44.2364742,0.8309380,0.4812055,0.4852621,1.1531684,2.0496991,0.4920179,4.5405646,5.6832240,72113147194,0.84,6.06E-08,0.1385886,0.1677810,0.0031516,0.0018251,0.0018405,0.0043738,0.0077741,0.0018661,0.0172215,0.0215554
2022-11-28,17826552842,1167.3,2.08E-05,47.6084089,57.6366718,1.0826473,0.6269732,0.6322587,1.5024884,2.6705979,0.6410609,5.9160011,7.4047971,145523728418,0.82,1.19E-07,0.2730118,0.3305192,0.0062085,0.0035954,0.0036257,0.0086161,0.0153146,0.0036762,0.0339255,0.0424630
2022-11-29,14870303308,1215.7,1.81E-05,41.3599547,50.0720396,0.9405532,0.5446849,0.5492767,1.3052915,2.3200903,0.5569236,5.1395445,6.4329408,79896499698,0.84,6.71E-08,0.1535468,0.1858900,0.0034918,0.0020221,0.0020392,0.0048458,0.0086132,0.0020676,0.0190803,0.0238820
2022-11-30,16566226604,1294.92,2.15E-05,49.0795246,59.4176641,1.1161014,0.6463469,0.6517957,1.5489157,2.7531203,0.6608699,6.0988075,7.6336078,132329378361,0.93,1.23E-07,0.2815613,0.3408696,0.0064029,0.0037080,0.0037392,0.0088859,0.0157942,0.0037913,0.0349879,0.0437928
2022-12-01,16794118320,1276.36,2.14E-05,49.0415520,59.3716929,1.1152379,0.6458468,0.6512914,1.5477174,2.7509902,0.6603585,6.0940888,7.6277017,105000148357,0.91,9.56E-08,0.2186075,0.2646551,0.0049713,0.0028789,0.0029032,0.0068991,0.0122628,0.0029436,0.0271650,0.0340012
2022-12-02,15943201869,1295.61,2.07E-05,47.2589042,57.2135472,1.0746993,0.6223705,0.6276171,1.4914582,2.6509924,0.6363547,5.8725703,7.3504368,102565910297,0.95,9.74E-08,0.2229259,0.2698831,0.0050695,0.0029358,0.0029605,0.0070354,0.0125050,0.0030018,0.0277016,0.0346729
2022-12-03,14839045501,1241.13,1.84E-05,42.1363634,51.0119914,0.9582093,0.5549098,0.5595877,1.3297944,2.3636430,0.5673782,5.2360240,6.5536999,80829912442,0.9,7.27E-08,0.1664364,0.2014947,0.0037849,0.0021919,0.0022103,0.0052526,0.0093363,0.0022411,0.0206820,0.0258868
2022-12-04,14337269578,1279.89,1.84E-05,41.9829458,50.8262578,0.9547205,0.5528894,0.5575503,1.3249526,2.3550371,0.5653124,5.2169597,6.5298380,69470046119,0.92,6.39E-08,0.1462242,0.1770249,0.0033252,0.0019257,0.0019419,0.0046147,0.0082025,0.0019690,0.0181704,0.0227431
2022-12-05,17801901128,1258.65,2.24E-05,51.2631367,62.0612335,1.1657582,0.6751037,0.6807949,1.6178290,2.8756102,0.6902728,6.3701514,7.9732370,87619157521,0.91,7.97E-08,0.1824208,0.2208460,0.0041484,0.0024024,0.0024226,0.0057571,0.0102329,0.0024563,0.0226683,0.0283729
2022-12-06,18901811657,1271.38,2.40E-05,54.9809979,66.5622271,1.2503049,0.7240656,0.7301696,1.7351621,3.0841640,0.7403349,6.8321469,8.5514964,78970444388,0.92,7.27E-08,0.1662211,0.2012340,0.0037800,0.0021890,0.0022075,0.0052458,0.0093242,0.0022382,0.0206553,0.0258533
2022-12-07,21689477944,1231.35,2.67E-05,61.1032661,73.9740935,1.3895294,0.8046921,0.8114758,1.9283767,3.4275931,0.8227730,7.5929231,9.5037263,112299360172,0.9,1.01E-07,0.2312350,0.2799425,0.0052584,0.0030452,0.0030709,0.0072976,0.0129711,0.0031136,0.0287341,0.0359653
2022-12-08,19294282648,1280.28,2.47E-05,56.5154785,68.4199316,1.2852000,0.7442738,0.7505481,1.7835893,3.1702408,0.7609971,7.0228272,8.7901626,102743209870,0.93,9.56E-08,0.2186099,0.2646581,0.0049713,0.0028790,0.0029032,0.0068992,0.0122629,0.0029436,0.0271653,0.0340016
2022-12-09,42479111449,1262.95,5.36E-05,122.7426209,148.5971976,2.7912498,1.6164442,1.6300710,3.8736719,6.8852582,1.6527646,15.2524626,19.0908335,127793600886,0.91,1.16E-07,0.2660629,0.3221065,0.0060504,0.0035039,0.0035334,0.0083968,0.0149248,0.0035826,0.0330620,0.0413822
2022-12-10,19154307742,1266.34,2.43E-05,55.4945836,67.1839949,1.2619842,0.7308292,0.7369902,1.7513706,3.1129736,0.7472505,6.8959670,8.6313772,78731282695,0.91,7.16E-08,0.1639164,0.1984439,0.0037276,0.0021587,0.0021769,0.0051731,0.0091949,0.0022072,0.0203689,0.0254948
2022-12-11,21165291288,1263.27,2.67E-05,61.1722203,74.0575722,1.3910975,0.8056002,0.8123915,1.9305528,3.4314611,0.8237015,7.6014916,9.5144512,75470897159,0.89,6.72E-08,0.1536750,0.1860452,0.0034947,0.0020238,0.0020409,0.0048499,0.0086204,0.0020693,0.0190962,0.0239019
2022-12-12,20840121295,1275.37,2.66E-05,60.8093345,73.6182480,1.3828452,0.8008212,0.8075722,1.9191004,3.4111050,0.8188151,7.5563980,9.4580096,107117459486,0.91,9.75E-08,0.2230157,0.2699919,0.0050715,0.0029370,0.0029617,0.0070382,0.0125101,0.0030030,0.0277128,0.0346869
2022-12-13,22373108082,1320.43,2.95E-05,67.5889212,81.8258907,1.5370176,0.8901042,0.8976079,2.1330595,3.7914065,0.9101042,8.3988551,10.5124759,173366968430,0.92,1.59E-07,0.3649119,0.4417771,0.0082983,0.0048057,0.0048462,0.0115164,0.0204698,0.0049136,0.0453453,0.0567567
2022-12-14,19712120094,1307.5,2.58E-05,58.9669745,71.3878121,1.3409487,0.7765585,0.7831050,1.8609568,3.3077577,0.7940072,7.3274594,9.1714572,135649932328,0.9,1.22E-07,0.2793161,0.3381514,0.0063518,0.0036784,0.0037094,0.0088150,0.0156683,0.0037611,0.0347089,0.0434436
2022-12-15,21169055748,1266.59,2.68E-05,61.3438957,74.2654094,1.3950015,0.8078611,0.8146714,1.9359708,3.4410913,0.8260131,7.6228246,9.5411528,147885001249,0.88,1.30E-07,0.2977424,0.3604590,0.0067709,0.0039211,0.0039541,0.0093965,0.0167019,0.0040092,0.0369986,0.0463095
2022-12-16,22798849073,1167.85,2.66E-05,60.9163397,73.7477928,1.3852786,0.8022304,0.8089933,1.9224774,3.4171075,0.8202560,7.5696949,9.4746527,265681912665,0.79,2.10E-07,0.4802008,0.5813506,0.0109201,0.0063239,0.0063773,0.0151548,0.0269369,0.0064660,0.0596716,0.0746883
2022-12-17,17185182084,1187.11,2.04E-05,46.6744182,56.5059446,1.0614077,0.6146731,0.6198549,1.4730123,2.6182056,0.6284844,5.7999398,7.2595284,116754936722,0.82,9.57E-08,0.2190397,0.2651784,0.0049811,0.0028846,0.0029089,0.0069127,0.0122871,0.0029494,0.0272187,0.0340685
2022-12-18,16861112376,1183.19,1.99E-05,45.6430360,55.2573116,1.0379534,0.6010905,0.6061577,1.4404625,2.5603502,0.6145966,5.6717764,7.0991119,96186779936,0.81,7.79E-08,0.1782519,0.2157990,0.0040536,0.0023475,0.0023673,0.0056255,0.0099991,0.0024002,0.0221503,0.0277245
2022-12-19,17897365083,1167.68,2.09E-05,47.8130832,57.8844588,1.0873017,0.6296686,0.6349768,1.5089477,2.6820791,0.6438169,5.9414347,7.4366313,196795153648,0.77,1.52E-07,0.3466881,0.4197147,0.0078839,0.0045657,0.0046042,0.0109412,0.0194475,0.0046683,0.0430808,0.0539223
2022-12-20,19838126213,1217.55,2.42E-05,55.2613214,66.9015981,1.2566797,0.7277573,0.7338924,1.7440090,3.0998887,0.7441095,6.8669809,8.5950966,155812797752,0.8,1.25E-07,0.2851852,0.3452567,0.0064853,0.0037557,0.0037874,0.0090002,0.0159975,0.0038401,0.0354382,0.0443564
2022-12-21,19614664894,1213.84,2.38E-05,54.4723547,65.9464430,1.2387380,0.7173671,0.7234146,1.7191097,3.0556316,0.7334859,6.7689409,8.4723843,104248763584,0.79,8.24E-08,0.1884221,0.2281114,0.0042848,0.0024814,0.0025023,0.0059465,0.0105696,0.0025372,0.0234140,0.0293063
2022-12-22,18212223056,1217.51,2.22E-05,50.7305194,61.4164254,1.1536462,0.6680895,0.6737216,1.6010200,2.8457330,0.6831010,6.3039663,7.8903961,116439636409,0.8,9.32E-08,0.2131202,0.2580120,0.0048465,0.0028067,0.0028303,0.0067259,0.0119550,0.0028697,0.0264831,0.0331478
2022-12-23,16612065980,1219.97,2.03E-05,46.3667451,56.1334631,1.0544110,0.6106213,0.6157689,1.4633023,2.6009467,0.6243415,5.7617072,7.2116743,113382917086,0.8,9.07E-08,0.2075255,0.2512388,0.0047193,0.0027330,0.0027560,0.0065494,0.0116412,0.0027944,0.0257879,0.0322776
2022-12-24,13953389265,1220.49,1.70E-05,38.9625836,47.1696847,0.8860354,0.5131131,0.5174387,1.2296321,2.1856096,0.5246423,4.8416381,6.0600645,94935290942,0.8,7.59E-08,0.1737607,0.2103617,0.0039514,0.0022883,0.0023076,0.0054838,0.0097471,0.0023397,0.0215922,0.0270260
2022-12-25,13670191829,1218.3,1.67E-05,38.1033065,46.1294091,0.8664948,0.5017969,0.5060271,1.2025139,2.1374084,0.5130719,4.7348611,5.9264164,79664491500,0.8,6.37E-08,0.1458104,0.1765240,0.0033158,0.0019202,0.0019364,0.0046017,0.0081792,0.0019634,0.0181190,0.0226787
2022-12-26,14722550940,1227.3,1.81E-05,41.3397277,50.0475518,0.9400932,0.5444186,0.5490081,1.3046531,2.3189557,0.5566513,5.1370310,6.4297947,71583157961,0.81,5.80E-08,0.1326569,0.1605998,0.0030167,0.0017470,0.0017617,0.0041866,0.0074414,0.0017863,0.0164844,0.0206328
2022-12-27,18565037222,1211.07,2.25E-05,51.4397539,62.2750534,1.1697746,0.6774297,0.6831405,1.6234029,2.8855176,0.6926510,6.3920985,8.0007072,83463822602,0.81,6.76E-08,0.1546739,0.1872545,0.0035174,0.0020370,0.0020541,0.0048814,0.0086764,0.0020827,0.0192204,0.0240573
2022-12-28,19632858099,1189.27,2.33E-05,53.4192520,64.6715142,1.2147898,0.7034984,0.7094290,1.6858745,2.9965577,0.7193055,6.6380784,8.3085895,86875705123,0.78,6.78E-08,0.1550339,0.1876904,0.0035256,0.0020417,0.0020589,0.0048928,0.0086966,0.0020876,0.0192651,0.0241133
2022-12-29,20056208825,1200.06,2.41E-05,55.0662642,66.6654540,1.2522439,0.7251885,0.7313020,1.7378531,3.0889470,0.7414830,6.8427424,8.5647583,98257025367,0.78,7.66E-08,0.1753445,0.2122791,0.0039875,0.0023092,0.0023286,0.0055337,0.0098360,0.0023611,0.0217890,0.0272723
2022-12-30,20559372588,1199.12,2.47E-05,56.4035339,68.2844069,1.2826543,0.7427996,0.7490615,1.7800564,3.1639612,0.7594897,7.0089166,8.7727512,87959907949,0.76,6.68E-08,0.1529439,0.1851601,0.0034780,0.0020142,0.0020312,0.0048268,0.0085794,0.0020594,0.0190054,0.0237882
2022-12-31,19585675641,1195,2.34E-05,53.5476325,64.8269369,1.2177092,0.7051891,0.7111339,1.6899261,3.0037592,0.7210342,6.6540315,8.3285572,92124417525,0.76,7.00E-08,0.1601851,0.1939266,0.0036427,0.0021095,0.0021273,0.0050553,0.0089856,0.0021569,0.0199052,0.0249145
2023-01-01,18036457836,1200.1,2.16E-05,49.5224928,59.9539394,1.1261748,0.6521805,0.6576785,1.5628955,2.7779686,0.6668346,6.1538524,7.7025051,64904903916,0.76,4.93E-08,0.1128561,0.1366281,0.0025664,0.0014862,0.0014988,0.0035617,0.0063307,0.0015196,0.0140239,0.0175531
2023-01-02,20591319328,1213.98,2.50E-05,57.1912405,69.2380366,1.3005673,0.7531732,0.7595225,1.8049159,3.2081477,0.7700964,7.1068000,8.8952675,84750896192,0.78,6.61E-08,0.1512421,0.1830998,0.0034393,0.0019918,0.0020086,0.0047731,0.0084839,0.0020365,0.0187939,0.0235235
2023-01-03,22267876443,1214.11,2.70E-05,61.8544074,74.8834556,1.4066109,0.8145842,0.8214512,1.9520822,3.4697285,0.8328873,7.6862627,9.6205555,80662258678,0.78,6.29E-08,0.1439457,0.1742665,0.0032734,0.0018957,0.0019117,0.0045428,0.0080746,0.0019383,0.0178872,0.0223887
2023-01-04,29513905520,1256.42,3.71E-05,84.8389598,102.7094874,1.9292951,1.1172765,1.1266953,2.6774587,4.7590490,1.1423809,10.5424102,13.1954691,119095142845,0.81,9.65E-08,0.2207054,0.2671949,0.0050190,0.0029066,0.0029311,0.0069653,0.0123805,0.0029719,0.0274257,0.0343275
2023-01-05,25709158256,1250.73,3.22E-05,73.5673709,89.0636445,1.6729716,0.9688366,0.9770041,2.3217352,4.1267682,0.9906057,9.1417599,11.4423370,97008316761,0.79,7.66E-08,0.1753355,0.2122683,0.0039872,0.0023091,0.0023285,0.0055335,0.0098355,0.0023609,0.0217879,0.0272709
2023-01-06,24515619991,1268.71,3.11E-05,71.1605105,86.1498017,1.6182379,0.9371398,0.9450400,2.2457763,3.9917552,0.9581967,8.8426743,11.0679848,100673803581,0.8,8.05E-08,0.1842639,0.2230774,0.0041903,0.0024266,0.0024471,0.0058152,0.0103363,0.0024812,0.0228973,0.0286596
2023-01-07,18714982021,1263.86,2.37E-05,54.1155647,65.5144986,1.2306244,0.7126684,0.7186763,1.7078497,3.0356174,0.7286816,6.7246049,8.4168908,77762052988,0.81,6.30E-08,0.1441075,0.1744624,0.0032771,0.0018978,0.0019138,0.0045479,0.0080837,0.0019404,0.0179073,0.0224138
2023-01-08,22169765554,1288.62,2.86E-05,65.3611642,79.1288777,1.4863569,0.8607660,0.8680224,2.0627530,3.6664403,0.8801068,8.1220256,10.1659806,86361315980,0.84,7.25E-08,0.1659711,0.2009313,0.0037743,0.0021857,0.0022042,0.0052379,0.0093102,0.0022348,0.0206242,0.0258144
2023-01-09,26543481375,1320.11,3.50E-05,80.1681415,97.0548052,1.8230775,1.0557647,1.0646649,2.5300509,4.4970390,1.0794870,9.9619967,12.4689910,130185447922,0.84,1.09E-07,0.2501932,0.3028941,0.0056896,0.0032949,0.0033227,0.0078959,0.0140346,0.0033689,0.0310900,0.0389139
2023-01-10,24832851982,1335.42,3.32E-05,75.8714331,91.8530357,1.7253675,0.9991797,1.0076029,2.3944498,4.2560148,1.0216306,9.4280714,11.8007004,97985263368,0.86,8.43E-08,0.1927938,0.2334040,0.0043843,0.0025390,0.0025604,0.0060844,0.0108148,0.0025960,0.0239573,0.0299863
2023-01-11,25466337456,1388.95,3.54E-05,80.9257835,97.9720375,1.8403068,1.0657424,1.0747267,2.5539616,4.5395390,1.0896889,10.0561441,12.5868313,115396325231,0.89,1.03E-07,0.2349718,0.2844664,0.0053434,0.0030944,0.0031205,0.0074155,0.0131808,0.0031640,0.0291985,0.0365465
2023-01-12,25397758826,1416.05,3.60E-05,82.2825599,99.6146059,1.8711608,1.0836103,1.0927453,2.5967805,4.6156475,1.1079582,10.2247423,12.7978581,150217023409,0.92,1.38E-07,0.3161847,0.3827860,0.0071903,0.0041640,0.0041991,0.0099786,0.0177364,0.0042575,0.0392903,0.0491779
2023-01-13,29480606306,1451.18,4.28E-05,97.8794469,118.4968303,2.2258445,1.2890116,1.2998781,3.0890074,5.4905563,1.3179748,12.1628705,15.2237276,105766084926,0.93,9.84E-08,0.2250418,0.2724447,0.0051176,0.0029637,0.0029886,0.0071022,0.0126237,0.0030303,0.0279645,0.0350020
2023-01-14,27988987982,1550.07,4.34E-05,99.2595537,120.1676435,2.2572291,1.3071868,1.3182065,3.1325626,5.5679735,1.3365583,12.3343678,15.4383832,264033246678,1,2.64E-07,0.6040772,0.7313203,0.0137371,0.0079553,0.0080224,0.0190643,0.0338858,0.0081341,0.0750649,0.0939554
2023-01-15,23739712895,1552.71,3.69E-05,84.3334027,102.0974395,1.9177984,1.1106186,1.1199813,2.6615037,4.7306897,1.1355734,10.4795878,13.1168370,110081088986,0.98,1.08E-07,0.2468156,0.2988050,0.0056128,0.0032504,0.0032778,0.0077893,0.0138451,0.0033234,0.0306702,0.0383886
2023-01-16,27887418109,1577.02,4.40E-05,100.6188433,121.8132547,2.2881402,1.3250878,1.3362584,3.1754609,5.6442229,1.3548615,12.5032783,15.6498009,152716036193,1.02,1.56E-07,0.3563844,0.4314534,0.0081044,0.0046934,0.0047329,0.0112472,0.0199914,0.0047988,0.0442857,0.0554304
2023-01-17,26891033300,1565.15,4.21E-05,96.2935654,116.5768978,2.1897805,1.2681265,1.2788170,3.0389581,5.4015961,1.2966204,11.9658029,14.9770667,109484486770,0.99,1.08E-07,0.2479828,0.3002181,0.0056393,0.0032658,0.0032933,0.0078262,0.0139106,0.0033392,0.0308153,0.0385701
2023-01-18,33560576341,1512.28,5.08E-05,116.1168993,140.5758303,2.6405765,1.5291875,1.5420788,3.6645688,6.5135878,1.5635473,14.4291254,18.0602987,194581921852,0.94,1.83E-07,0.4184698,0.5066166,0.0095163,0.0055110,0.0055574,0.0132066,0.0234741,0.0056348,0.0520006,0.0650869
2023-01-19,24745685461,1551.2,3.84E-05,87.8215496,106.3203316,1.9971212,1.1565553,1.1663053,2.7715872,4.9263576,1.1825423,10.9130381,13.6593676,101736916950,0.95,9.67E-08,0.2211241,0.2677018,0.0050285,0.0029121,0.0029366,0.0069785,0.0124040,0.0029775,0.0274777,0.0343926
2023-01-20,25720620233,1659.02,4.27E-05,97.6263090,118.1903712,2.2200880,1.2856779,1.2965164,3.0810186,5.4763565,1.3145662,12.1314146,15.1843557,111540793674,1.03,1.15E-07,0.2628481,0.3182145,0.0059773,0.0034615,0.0034907,0.0082953,0.0147445,0.0035393,0.0326625,0.0408822
2023-01-21,21072475142,1626.68,3.43E-05,78.4244513,94.9438231,1.7834248,1.0328014,1.0415080,2.4750213,4.3992266,1.0560077,9.7453191,12.1977853,147685589451,0.99,1.46E-07,0.3345085,0.4049695,0.0076069,0.0044053,0.0044424,0.0105569,0.0187643,0.0045043,0.0415673,0.0520279
2023-01-22,19312151668,1627.79,3.14E-05,71.9221814,87.0719113,1.6355588,0.9471705,0.9551553,2.2698141,4.0344811,0.9684528,8.9373224,11.1864516,107870338442,0.99,1.07E-07,0.2443268,0.2957919,0.0055562,0.0032176,0.0032448,0.0077108,0.0137055,0.0032899,0.0303610,0.0380015
2023-01-23,23115320837,1626.47,3.76E-05,86.0161092,104.1345923,1.9560642,1.1327788,1.1423283,2.7146087,4.8250813,1.1582316,10.6886873,13.3785576,125686832504,0.99,1.24E-07,0.2846812,0.3446466,0.0064738,0.0037491,0.0037807,0.0089843,0.0159692,0.0038333,0.0353756,0.0442780
2023-01-24,30754508640,1556.12,4.79E-05,109.4928319,132.5564655,2.4899407,1.4419527,1.4541085,3.4555178,6.1420101,1.4743523,13.6059937,17.0300211,129256203671,0.96,1.24E-07,0.2838941,0.3436938,0.0064559,0.0037387,0.0037702,0.0089595,0.0159251,0.0038227,0.0352778,0.0441556
2023-01-25,25825941797,1610.94,4.16E-05,95.1851820,115.2350438,2.1645751,1.2535298,1.2640972,3.0039783,5.3394212,1.2816957,11.8280709,14.8046738,133770911627,0.99,1.32E-07,0.3029917,0.3668140,0.0068902,0.0039902,0.0040239,0.0095622,0.0169963,0.0040799,0.0376509,0.0471260
2023-01-26,26205253084,1601.35,4.20E-05,96.0082235,116.2314513,2.1832917,1.2643688,1.2750276,3.0299529,5.3855898,1.2927782,11.9303452,14.9326859,183370650826,1.13,2.07E-07,0.4740696,0.5739279,0.0107807,0.0062432,0.0062958,0.0149613,0.0265930,0.0063835,0.0589097,0.0737346
2023-01-27,25377717914,1597.86,4.06E-05,92.7737480,112.3156640,2.1097375,1.2217727,1.2320724,2.9278751,5.2041516,1.2492251,11.5284170,14.4296102,175786549829,1.16,2.04E-07,0.4665277,0.5647974,0.0106092,0.0061439,0.0061957,0.0147233,0.0261699,0.0062819,0.0579725,0.0725616
2023-01-28,18813456271,1572.46,2.96E-05,67.6833750,81.9402403,1.5391655,0.8913481,0.8988623,2.1360404,3.7967049,0.9113760,8.4105923,10.5271668,114721443460,1.15,1.32E-07,0.3018396,0.3654193,0.0068640,0.0039750,0.0040086,0.0095258,0.0169317,0.0040644,0.0375077,0.0469468
2023-01-29,23135740585,1645.46,3.81E-05,87.0972708,105.4434904,1.9806506,1.1470170,1.1566865,2.7487294,4.8857291,1.1727897,10.8230365,13.5467166,128557935216,1.18,1.52E-07,0.3470681,0.4201747,0.0078926,0.0045707,0.0046092,0.0109532,0.0194688,0.0046734,0.0431280,0.0539814
2023-01-30,21825804088,1566.49,3.42E-05,78.2224998,94.6993324,1.7788323,1.0301418,1.0388260,2.4686478,4.3878981,1.0532884,9.7202239,12.1663747,167553835437,1.09,1.83E-07,0.4178445,0.5058595,0.0095021,0.0055028,0.0055491,0.0131869,0.0234390,0.0056264,0.0519229,0.0649896
2023-01-31,30245226857,1585.47,4.80E-05,109.7106243,132.8201337,2.4948935,1.4448209,1.4570009,3.4623912,6.1542272,1.4772850,13.6330574,17.0638955,149480034809,1.11,1.66E-07,0.3796120,0.4595737,0.0086326,0.0049993,0.0050414,0.0119803,0.0212944,0.0051116,0.0471720,0.0590431
2023-02-01,30951074759,1641.61,5.08E-05,116.2464060,140.7326162,2.6435215,1.5308931,1.5437987,3.6686559,6.5208525,1.5652912,14.4452183,18.0804415,200354387154,1.19,2.38E-07,0.5454810,0.6603814,0.0124046,0.0071836,0.0072442,0.0172150,0.0305988,0.0073451,0.0677835,0.0848417
2023-02-02,32389670787,1642.74,5.32E-05,121.7332389,147.3751988,2.7682958,1.6031512,1.6166660,3.8418166,6.8286368,1.6391729,15.1270330,18.9338388,277569025537,1.18,3.28E-07,0.7493536,0.9071979,0.0170408,0.0098685,0.0099517,0.0236491,0.0420351,0.0100903,0.0931175,0.1165511
2023-02-03,33686520435,1663.97,5.61E-05,128.2435281,155.2568191,2.9163442,1.6888877,1.7031253,4.0472768,7.1938321,1.7268358,15.9360261,19.9464198,232384891832,1.25,2.90E-07,0.6645868,0.8045758,0.0151132,0.0087522,0.0088260,0.0209739,0.0372801,0.0089489,0.0825841,0.1033668
2023-02-04,26322246409,1666.89,4.39E-05,100.3838164,121.5287217,2.2827956,1.3219926,1.3331372,3.1680436,5.6310391,1.3516968,12.4740729,15.6132459,171784495742,1.25,2.15E-07,0.4912785,0.5947617,0.0111720,0.0064698,0.0065244,0.0155044,0.0275583,0.0066152,0.0610481,0.0764112
2023-02-05,23794846802,1629.8,3.88E-05,88.7260276,107.4153294,2.0176896,1.1684667,1.1783171,2.8001319,4.9770944,1.1947214,11.0254320,13.8000460,183148051814,1.2,2.20E-07,0.5028256,0.6087410,0.0114346,0.0066219,0.0066777,0.0158688,0.0282060,0.0067707,0.0624830,0.0782072
2023-02-06,28478691953,1614.31,4.60E-05,105.1818454,127.3374103,2.3919060,1.3851797,1.3968569,3.3194661,5.9001850,1.4163037,13.0702942,16.3595097,200982767268,1.19,2.39E-07,0.5471918,0.6624526,0.0124435,0.0072062,0.0072669,0.0172690,0.0306948,0.0073681,0.0679961,0.0851077
2023-02-07,36817069793,1671.61,6.15E-05,140.8049727,170.4642137,3.2019999,1.8543142,1.8699463,4.4437072,7.8984674,1.8959793,17.4969588,21.9001702,228824819236,1.27,2.91E-07,0.6648760,0.8049259,0.0151197,0.0087560,0.0088298,0.0209830,0.0372963,0.0089527,0.0826200,0.1034118
2023-02-08,38656256230,1650.95,6.38E-05,146.0116549,176.7676344,3.3204034,1.9228829,1.9390931,4.6080265,8.1905367,1.9660888,18.1439608,22.7099941,287248833264,1.3,3.73E-07,0.8543492,1.0343099,0.0194285,0.0112512,0.0113461,0.0269627,0.0479248,0.0115041,0.1061647,0.1328816
2023-02-09,40353819491,1545.78,6.24E-05,142.7138565,172.7751859,3.2454092,1.8794530,1.8952970,4.5039503,8.0055465,1.9216830,17.7341639,22.1970694,473564699468,1.23,5.82E-07,1.3326566,1.6133681,0.0303055,0.0175503,0.0176982,0.0420577,0.0747555,0.0179446,0.1656009,0.2072754
2023-02-10,29368859389,1513.79,4.45E-05,101.7153560,123.1407374,2.3130757,1.3395281,1.3508206,3.2100661,5.7057319,1.3696264,12.6395351,15.8203476,456170131949,1.23,5.61E-07,1.2837066,1.5541073,0.0291924,0.0169056,0.0170481,0.0405129,0.0720096,0.0172855,0.1595182,0.1996619
2023-02-11,21415378130,1538.79,3.30E-05,75.3943695,91.2754832,1.7145187,0.9928971,1.0012673,2.3793940,4.2292539,1.0152068,9.3687897,11.7265001,425183072842,1.25,5.31E-07,1.2159614,1.4720922,0.0276518,0.0160135,0.0161485,0.0383749,0.0682095,0.0163733,0.1511000,0.1891252
2023-02-12,21067638895,1515.42,3.19E-05,73.0436878,88.4296525,1.6610626,0.9619401,0.9700493,2.3052081,4.0973922,0.9835542,9.0766851,11.3608857,406822940811,1.24,5.04E-07,1.1541465,1.3972566,0.0262461,0.0151994,0.0153275,0.0364241,0.0647419,0.0155409,0.1434186,0.1795107
2023-02-13,29595631552,1506.37,4.46E-05,101.9983347,123.4833230,2.3195108,1.3432548,1.3545786,3.2189967,5.7216056,1.3734368,12.6746991,15.8643608,361461517111,1.19,4.30E-07,0.9841082,1.1914013,0.0223793,0.0129601,0.0130693,0.0310578,0.0552036,0.0132513,0.1222890,0.1530637
2023-02-14,64056071186,1556.14,9.97E-05,228.0566685,276.0946572,5.1861622,3.0033649,3.0286836,7.1973102,12.7928591,3.0708484,28.3391847,35.4709053,459945026530,1.26,5.80E-07,1.3258985,1.6051865,0.0301518,0.0174613,0.0176085,0.0418444,0.0743764,0.0178536,0.1647612,0.2062243
2023-02-15,42442291537,1675.34,7.11E-05,162.6805355,196.9476577,3.6994649,2.1424017,2.1604625,5.1340848,9.1255791,2.1905400,20.2152990,25.3025966,379401506016,1.33,5.05E-07,1.1544749,1.3976542,0.0262535,0.0152037,0.0153319,0.0364344,0.0647604,0.0155453,0.1434594,0.1795618
2023-02-16,44451859861,1638.41,7.28E-05,166.6273693,201.7258549,3.7892186,2.1943791,2.2128780,5.2586442,9.3469771,2.2436853,20.7057475,25.9164693,512822950849,1.37,7.03E-07,1.6073921,1.9459741,0.0365532,0.0211684,0.0213468,0.0507282,0.0901668,0.0216440,0.1997406,0.2500065
2023-02-17,40142664080,1694.3,6.80E-05,155.6074240,188.3846619,3.5386176,2.0492533,2.0665287,4.9108623,8.7288123,2.0952985,19.3363674,24.2024767,425347123073,1.53,6.51E-07,1.4889110,1.8025361,0.0338588,0.0196080,0.0197733,0.0469890,0.0835206,0.0200486,0.1850177,0.2315785
2023-02-18,30627715818,1691.98,5.18E-05,118.5614891,143.5353498,2.6961681,1.5613813,1.5745439,3.7417183,6.6507173,1.5964644,14.7328993,18.4405191,369722505245,1.49,5.51E-07,1.2603639,1.5258477,0.0286615,0.0165982,0.0167381,0.0397762,0.0707002,0.0169712,0.1566176,0.1960313
2023-02-19,29673223535,1681.25,4.99E-05,114.1381521,138.1802785,2.5955784,1.5031287,1.5158002,3.6021209,6.4025898,1.5369029,14.1832387,17.7525332,341842452934,1.48,5.06E-07,1.1575014,1.4013182,0.0263224,0.0152436,0.0153721,0.0365299,0.0649301,0.0155861,0.1438355,0.1800325
2023-02-20,37171212039,1703.53,6.33E-05,144.8739561,175.3902902,3.2945313,1.9079001,1.9239840,4.5721215,8.1267174,1.9507693,18.0025861,22.5330415,231043181657,1.48,3.42E-07,0.7823277,0.9471176,0.0177907,0.0103028,0.0103896,0.0246897,0.0438847,0.0105343,0.0972150,0.1216797
2023-02-21,37349599727,1659.64,6.20E-05,141.8187511,171.6915350,3.2250539,1.8676650,1.8834097,4.4757014,7.9553354,1.9096301,17.6229347,22.0578487,252634877427,1.39,3.51E-07,0.8034187,0.9726512,0.0182703,0.0105805,0.0106697,0.0253553,0.0450678,0.0108183,0.0998358,0.1249601
2023-02-22,40866932589,1643.28,6.72E-05,153.6446429,186.0084394,3.4939826,2.0234046,2.0404622,4.8489183,8.6187099,2.0688691,19.0924648,23.8971946,280742441719,1.4,3.93E-07,0.8992282,1.0886422,0.0204491,0.0118423,0.0119421,0.0283790,0.0504423,0.0121084,0.1117415,0.1398619
2023-02-23,42639674435,1650.59,7.04E-05,161.0226245,194.9405234,3.6617629,2.1205681,2.1384448,5.0817623,9.0325784,2.1682158,20.0092807,25.0447326,424635801102,1.35,5.73E-07,1.3115480,1.5878132,0.0298255,0.0172723,0.0174179,0.0413915,0.0735714,0.0176604,0.1629779,0.2039923
2023-02-24,34956299586,1607.86,5.62E-05,128.5900885,155.6763792,2.9242252,1.6934517,1.7077277,4.0582140,7.2132724,1.7315024,15.9790910,20.0003222,274505671554,1.27,3.49E-07,0.7976068,0.9656152,0.0181381,0.0105040,0.0105925,0.0251719,0.0447418,0.0107400,0.0991136,0.1240562
2023-02-25,24663365746,1594.76,3.93E-05,89.9873554,108.9423441,2.0463731,1.1850777,1.1950680,2.8399385,5.0478487,1.2117055,11.1821693,13.9962273,197232847771,1.25,2.47E-07,0.5640571,0.6828704,0.0128270,0.0074283,0.0074909,0.0178013,0.0316408,0.0075952,0.0700919,0.0877309
2023-02-26,24307982693,1641.47,3.99E-05,91.2884177,110.5174629,2.0759601,1.2022118,1.2123466,2.8809991,5.1208319,1.2292247,11.3438443,14.1985886,212913408105,1.28,2.73E-07,0.6235148,0.7548524,0.0141791,0.0082113,0.0082805,0.0196777,0.0349761,0.0083958,0.0774803,0.0969787
2023-02-27,27327787901,1633.45,4.46E-05,102.1278372,123.6401040,2.3224558,1.3449603,1.3562985,3.2230837,5.7288701,1.3751806,12.6907916,15.8845031,213274666496,1.23,2.62E-07,0.6001754,0.7265967,0.0136484,0.0079039,0.0079706,0.0189411,0.0336669,0.0080815,0.0745801,0.0933486
2023-02-28,29019407899,1604.71,4.66E-05,106.5415271,128.9834960,2.4228261,1.4030858,1.4149140,3.3623767,5.9764564,1.4346122,13.2392534,16.5709885,327388427209,1.2,3.93E-07,0.8988317,1.0881621,0.0204400,0.0118371,0.0119368,0.0283665,0.0504200,0.0121030,0.1116922,0.1398002
2023-03-01,35831060580,1665.59,5.97E-05,136.5405284,165.3015044,3.1050236,1.7981541,1.8133128,4.3091243,7.6592531,1.8385573,16.9670428,21.2368978,323945634818,1.25,4.05E-07,0.9264371,1.1215824,0.0210678,0.0122006,0.0123035,0.0292377,0.0519686,0.0124747,0.1151226,0.1440939
2023-03-02,33605840367,1647.77,5.54E-05,126.6908247,153.3770533,2.8810347,1.6684396,1.6825048,3.9982745,7.1067331,1.7059282,15.7430813,19.7049193,206943423497,1.23,2.55E-07,0.5823587,0.7050270,0.0132432,0.0076693,0.0077340,0.0183788,0.0326675,0.0078416,0.0723661,0.0905774
2023-03-03,34761706713,1569.61,5.46E-05,124.8322100,151.1269390,2.8387685,1.6439628,1.6578216,3.9396179,7.0024739,1.6809015,15.5121228,19.4158388,257624768646,1.17,3.01E-07,0.6896159,0.8348770,0.0156823,0.0090818,0.0091584,0.0217638,0.0386841,0.0092859,0.0856943,0.1072598
2023-03-04,27052351676,1566.92,4.24E-05,96.9807771,117.4088641,2.2054082,1.2771767,1.2879435,3.0606460,5.4401453,1.3058739,12.0511984,15.0839525,153394238590,1.13,1.73E-07,0.3965713,0.4801053,0.0090183,0.0052226,0.0052666,0.0125155,0.0222457,0.0053399,0.0492795,0.0616809
2023-03-05,29307339847,1564.75,4.59E-05,104.9192487,127.0195000,2.3859344,1.3817214,1.3933695,3.3111787,5.8854546,1.4127677,13.0376629,16.3186666,134406131081,1.14,1.53E-07,0.3505563,0.4243976,0.0079719,0.0046166,0.0046555,0.0110633,0.0196645,0.0047203,0.0435614,0.0545239
2023-03-06,37983458797,1565.91,5.95E-05,136.0802562,164.7442801,3.0945567,1.7920926,1.8072002,4.2945985,7.6334341,1.8323596,16.9098476,21.1653091,162487592534,1.13,1.84E-07,0.4200804,0.5085664,0.0095529,0.0055322,0.0055788,0.0132574,0.0235644,0.0056565,0.0522008,0.0653374
2023-03-07,37755589297,1561.63,5.90E-05,134.8941786,163.3083665,3.0675845,1.7764727,1.7914486,4.2571667,7.5669009,1.8163888,16.7624611,20.9808320,206423967890,1.15,2.37E-07,0.5431150,0.6575170,0.0123508,0.0071525,0.0072128,0.0171403,0.0304661,0.0073132,0.0674895,0.0844737
2023-03-08,37320061309,1532.6,5.72E-05,130.8594170,158.4237204,2.9758313,1.7233374,1.7378653,4.1298324,7.3405706,1.7620595,16.2610864,20.3532833,200108285011,1.05,2.10E-07,0.4807156,0.5819738,0.0109318,0.0063307,0.0063841,0.0151710,0.0269658,0.0064730,0.0597355,0.0747683
2023-03-09,40550234117,1437.65,5.83E-05,133.3768161,161.4713859,3.0330786,1.7564899,1.7712974,4.2092798,7.4817843,1.7959570,16.5739079,20.7448282,323136834765,1.02,3.30E-07,0.7540853,0.9129262,0.0171484,0.0099308,0.0100146,0.0237984,0.0423005,0.0101540,0.0937055,0.1172870
2023-03-10,36919533821,1431.49,5.28E-05,120.9144872,146.3839848,2.7496769,1.5923688,1.6057927,3.8159773,6.7827089,1.6281482,15.0252918,18.8064938,355610665610,1.06,3.77E-07,0.8624113,1.0440702,0.0196118,0.0113574,0.0114532,0.0272171,0.0483770,0.0116126,0.1071665,0.1341356
2023-03-11,101261424003,1483.07,1.50E-04,343.5891901,415.9630160,7.8134495,4.5248565,4.5630017,10.8434364,19.2736661,4.6265269,42.6956931,53.4403125,509861393660,1.06,5.40E-07,1.2364934,1.4969491,0.0281187,0.0162839,0.0164211,0.0390229,0.0693612,0.0166497,0.1536514,0.1923186
2023-03-12,30904991179,1591.33,4.92E-05,112.5181766,136.2190704,2.5587391,1.4817946,1.4942863,3.5509956,6.3117171,1.5150895,13.9819344,17.5005696,215802057684,1.16,2.50E-07,0.5727266,0.6933661,0.0130242,0.0075425,0.0076060,0.0180749,0.0321272,0.0077119,0.0711692,0.0890793
2023-03-13,39889905007,1681.01,6.71E-05,153.4147478,185.7301191,3.4887547,2.0203771,2.0374091,4.8416630,8.6058139,2.0657735,19.0638972,23.8614377,254573676180,1.2,3.05E-07,0.6989217,0.8461430,0.0158940,0.0092044,0.0092820,0.0220575,0.0392061,0.0094112,0.0868507,0.1087071
2023-03-14,36151597518,1705.17,6.16E-05,141.0356771,170.7435138,3.2072463,1.8573524,1.8730101,4.4509881,7.9114088,1.8990858,17.5256270,21.9360529,304636046214,1.2,3.66E-07,0.8363660,1.0125386,0.0190195,0.0110144,0.0111073,0.0263951,0.0469160,0.0112619,0.1039300,0.1300846
2023-03-15,32866777696,1656.21,5.44E-05,124.5392773,150.7723028,2.8321070,1.6401050,1.6539313,3.9303732,6.9860418,1.6769570,15.4757219,19.3702773,250509602461,1.12,2.81E-07,0.6419131,0.7771260,0.0145975,0.0084536,0.0085249,0.0202583,0.0360082,0.0086435,0.0797665,0.0998403
2023-03-16,29146213974,1677,4.89E-05,111.8276048,135.3830362,2.5430350,1.4727002,1.4851153,3.5292016,6.2729794,1.5057907,13.8961214,17.3931611,164860414493,1.15,1.90E-07,0.4337585,0.5251257,0.0098640,0.0057123,0.0057605,0.0136891,0.0243317,0.0058407,0.0539005,0.0674648
2023-03-17,28876682813,1793.32,5.18E-05,118.4783250,143.4346680,2.6942769,1.5602861,1.5734395,3.7390937,6.6460522,1.5953446,14.7225650,18.4275842,232401850044,1.23,2.86E-07,0.6540011,0.7917603,0.0148724,0.0086128,0.0086854,0.0206398,0.0366863,0.0088063,0.0812687,0.1017204
2023-03-18,21372877183,1763.2,3.77E-05,86.2180862,104.3791138,1.9606573,1.1354387,1.1450106,2.7209830,4.8364112,1.1609512,10.7137857,13.4099722,216597661415,1.17,2.53E-07,0.5797936,0.7019217,0.0131849,0.0076355,0.0076999,0.0182979,0.0325236,0.0078071,0.0720474,0.0901785
2023-03-19,22355362291,1785,3.99E-05,91.2964192,110.5271498,2.0761420,1.2023172,1.2124529,2.8812516,5.1212807,1.2293324,11.3448386,14.1998332,193421538327,1.17,2.26E-07,0.5177552,0.6268155,0.0117741,0.0068185,0.0068760,0.0163400,0.0290435,0.0069717,0.0643382,0.0805293
2023-03-20,24985753846,1738.45,4.34E-05,99.3775928,120.3105465,2.2599134,1.3087413,1.3197741,3.1362879,5.5745949,1.3381478,12.3490358,15.4567424,229505041661,1.11,2.55E-07,0.5828396,0.7056092,0.0132542,0.0076756,0.0077403,0.0183940,0.0326944,0.0078481,0.0724258,0.0906522
2023-03-21,22839471496,1807.45,4.13E-05,94.4465620,114.3408405,2.1477784,1.2438026,1.2542881,2.9806680,5.2979883,1.2717500,11.7362872,14.6897922,301052821219,1.16,3.49E-07,0.7989774,0.9672745,0.0181693,0.0105220,0.0106107,0.0252152,0.0448187,0.0107585,0.0992840,0.1242693
2023-03-22,23669198288,1738.86,4.12E-05,94.1633664,113.9979925,2.1413384,1.2400731,1.2505271,2.9717305,5.2821024,1.2679367,11.7010963,14.6457452,288465527124,1.11,3.20E-07,0.7325727,0.8868822,0.0166592,0.0096475,0.0097289,0.0231195,0.0410937,0.0098643,0.0910323,0.1139410
2023-03-23,27097769260,1817.28,4.92E-05,112.6650461,136.3968766,2.5620790,1.4837288,1.4962368,3.5556307,6.3199558,1.5170671,14.0001850,17.5234130,183235197688,1.14,2.09E-07,0.4779116,0.5785792,0.0108680,0.0062938,0.0063469,0.0150826,0.0268085,0.0064352,0.0593871,0.0743322
2023-03-24,26619909041,1751.74,4.66E-05,106.6866370,129.1591720,2.4261260,1.4049968,1.4168411,3.3669562,5.9845964,1.4365661,13.2572853,16.5935582,240544411668,1.1,2.65E-07,0.6053712,0.7328870,0.0137665,0.0079724,0.0080396,0.0191051,0.0339584,0.0081515,0.0752257,0.0941567
2023-03-25,20362203950,1743.88,3.55E-05,81.2409871,98.3536356,1.8474748,1.0698934,1.0789128,2.5639092,4.5572204,1.0939332,10.0953125,12.6358566,138772182989,1.08,1.50E-07,0.3428941,0.4151215,0.0077976,0.0045157,0.0045538,0.0108215,0.0192347,0.0046172,0.0426093,0.0533322
2023-03-26,22162968519,1775.76,3.94E-05,90.0421818,109.0087191,2.0476198,1.1857997,1.1957961,2.8416688,5.0509242,1.2124438,11.1889823,14.0047547,228148612780,1.11,2.53E-07,0.5793948,0.7014389,0.0131758,0.0076303,0.0076946,0.0182853,0.0325012,0.0078017,0.0719978,0.0901165
2023-03-27,32606040326,1716.16,5.60E-05,128.0234858,154.9904270,2.9113403,1.6859899,1.7002030,4.0403324,7.1814888,1.7238729,15.9086828,19.9121954,268252147504,1.05,2.82E-07,0.6444160,0.7801562,0.0146545,0.0084866,0.0085581,0.0203373,0.0361486,0.0086772,0.0800776,0.1002296
2023-03-28,33296747287,1773.53,5.91E-05,135.1058520,163.5646269,3.0723980,1.7792603,1.7942597,4.2638469,7.5787748,1.8192390,16.7887645,21.0137547,314808911334,1.09,3.43E-07,0.7850681,0.9504353,0.0178530,0.0103389,0.0104260,0.0247762,0.0440385,0.0105712,0.0975555,0.1221059
2023-03-29,34602893435,1793.51,6.21E-05,141.9874727,171.8957962,3.2288907,1.8698869,1.8856503,4.4810261,7.9647999,1.9119020,17.6439007,22.0840909,246096466776,1.12,2.76E-07,0.6306047,0.7634357,0.0143404,0.0083047,0.0083747,0.0199014,0.0353738,0.0084913,0.0783613,0.0980814
2023-03-30,37400759221,1794.03,6.71E-05,153.5125659,185.8485416,3.4909791,2.0216653,2.0387082,4.8447501,8.6113010,2.0670907,19.0760524,23.8766519,188615029344,1.09,2.06E-07,0.4703667,0.5694451,0.0106965,0.0061944,0.0062467,0.0148444,0.0263853,0.0063336,0.0584496,0.0731587
2023-03-31,31440721408,1822.21,5.73E-05,131.0764707,158.6864944,2.9807672,1.7261958,1.7407479,4.1366825,7.3527463,1.7649822,16.2880583,20.3870429,173503589491,1.12,1.94E-07,0.4445906,0.5382394,0.0101103,0.0058550,0.0059043,0.0140310,0.0249394,0.0059865,0.0552465,0.0691496
2023-04-01,24741287947,1821.54,4.51E-05,103.1085852,124.8274373,2.3447587,1.3578761,1.3693232,3.2540354,5.7838852,1.3883866,12.8126630,16.0370442,145493304555,1.11,1.61E-07,0.3694875,0.4473166,0.0084024,0.0048659,0.0049069,0.0116608,0.0207264,0.0049753,0.0459139,0.0574684
2023-04-02,23677899834,1795.54,4.25E-05,97.2684678,117.7571542,2.2119505,1.2809654,1.2917641,3.0697254,5.4562833,1.3097478,12.0869479,15.1286987,127269543999,1.1,1.40E-07,0.3202956,0.3877629,0.0072837,0.0042181,0.0042537,0.0101083,0.0179670,0.0043129,0.0398011,0.0498173
2023-04-03,33288679532,1811,6.03E-05,137.9268538,166.9798462,3.1365495,1.8164111,1.8317237,4.3528758,7.7370191,1.8572246,17.1393128,21.4525206,172233820445,1.1,1.89E-07,0.4334559,0.5247593,0.0098571,0.0057083,0.0057565,0.0136796,0.0243147,0.0058366,0.0538629,0.0674178
2023-04-04,34822024601,1871.62,6.52E-05,149.1095662,180.5180916,3.3908519,1.9636805,1.9802346,4.7057944,8.3643144,2.0078030,18.5289190,23.1918292,168847295967,1.14,1.92E-07,0.4403853,0.5331483,0.0100147,0.0057996,0.0058485,0.0138983,0.0247035,0.0059299,0.0547239,0.0684955
2023-04-05,38414399966,1909.49,7.34E-05,167.8205938,203.1704209,3.8163533,2.2100931,2.2287245,5.2963015,9.4139111,2.2597524,20.8540221,26.1020580,184511365334,1.14,2.10E-07,0.4812401,0.5826088,0.0109437,0.0063376,0.0063911,0.0151876,0.0269952,0.0064800,0.0598007,0.0748499
2023-04-06,33043798323,1873.09,6.19E-05,141.6062492,171.4342715,3.2202215,1.8648665,1.8805875,4.4689950,7.9434151,1.9067687,17.5965284,22.0247971,169723541614,1.12,1.90E-07,0.4349045,0.5265131,0.0098900,0.0057274,0.0057757,0.0137253,0.0243960,0.0058561,0.0540429,0.0676431
2023-04-07,27937185695,1864.8,5.21E-05,119.1924444,144.2992099,2.7105164,1.5696906,1.5829233,3.7616308,6.6861107,1.6049604,14.8113042,18.5386551,160295144292,1.11,1.78E-07,0.4070776,0.4928246,0.0092572,0.0053610,0.0054062,0.0128471,0.0228351,0.0054814,0.0505850,0.0633150
2023-04-08,25168323209,1849.9,4.66E-05,106.5212726,128.9589751,2.4223655,1.4028191,1.4146450,3.3617375,5.9753202,1.4343395,13.2367365,16.5678382,156668175130,1.1,1.72E-07,0.3942823,0.4773342,0.0089662,0.0051925,0.0052362,0.0124433,0.0221173,0.0053091,0.0489950,0.0613249
2023-04-09,24095099019,1859.71,4.48E-05,102.5198007,124.1146308,2.3313693,1.3501222,1.3615039,3.2354538,5.7508573,1.3804585,12.7394984,15.9454673,160125143394,1.1,1.76E-07,0.4029824,0.4878668,0.0091641,0.0053070,0.0053518,0.0127178,0.0226053,0.0054263,0.0500761,0.0626781
2023-04-10,28423542045,1911.12,5.43E-05,124.2796341,150.4579682,2.8262026,1.6366857,1.6504832,3.9221790,6.9714771,1.6734609,15.4434577,19.3298936,192053922987,1.12,2.15E-07,0.4921245,0.5957859,0.0111912,0.0064810,0.0065356,0.0155311,0.0276058,0.0066266,0.0611533,0.0765428
2023-04-11,33681093302,1891.58,6.37E-05,145.7621298,176.4655492,3.3147290,1.9195968,1.9357793,4.6001517,8.1765396,1.9627288,18.1129539,22.6711841,213195581780,1.11,2.37E-07,0.5414209,0.6554661,0.0123123,0.0071302,0.0071903,0.0170869,0.0303711,0.0072904,0.0672790,0.0842102
2023-04-12,26818315709,1918.78,5.15E-05,117.7309080,142.5298146,2.6772801,1.5504430,1.5635135,3.7155058,6.6041257,1.5852804,14.6296882,18.3113343,224931860901,1.1,2.47E-07,0.5660796,0.6853189,0.0128730,0.0074549,0.0075178,0.0178651,0.0317543,0.0076224,0.0703432,0.0880455
2023-04-13,35563190355,2013.84,7.16E-05,163.8549208,198.3694162,3.7261712,2.1578677,2.1760588,5.1711476,9.1914563,2.2063534,20.3612326,25.4852552,257724634609,1.14,2.94E-07,0.6721939,0.8137853,0.0152861,0.0088524,0.0089270,0.0212140,0.0377068,0.0090513,0.0835294,0.1045500
2023-04-14,33953044053,2101.61,7.14E-05,163.2543096,197.6422919,3.7125129,2.1499580,2.1680824,5.1521927,9.1577650,2.1982660,20.2865983,25.3918388,319144152271,1.16,3.70E-07,0.8469908,1.0254014,0.0192611,0.0111543,0.0112484,0.0267304,0.0475120,0.0114050,0.1052503,0.1317371
2023-04-15,27096530499,2092.42,5.67E-05,129.7168399,157.0404702,2.9498483,1.7082903,1.7226914,4.0937735,7.2764777,1.7466744,16.1191054,20.1755721,256620188843,1.17,3.00E-07,0.6869269,0.8316215,0.0156212,0.0090464,0.0091227,0.0216789,0.0385332,0.0092497,0.0853601,0.1068415
2023-04-16,30469108368,2120.19,6.46E-05,147.7979256,178.9301662,3.3610243,1.9464070,1.9628155,4.6644000,8.2907378,1.9901414,18.3659296,22.9878226,226786084849,1.18,2.68E-07,0.6122548,0.7412205,0.0139231,0.0080630,0.0081310,0.0193223,0.0343445,0.0082442,0.0760811,0.0952274
2023-04-17,39511637138,2075.87,8.20E-05,187.6545023,227.1821553,4.2673897,2.4712934,2.4921267,5.9222459,10.5264960,2.5268216,23.3186586,29.1869347,313190102243,1.15,3.60E-07,0.8240237,0.9975965,0.0187389,0.0108519,0.0109434,0.0260056,0.0462237,0.0110957,0.1023963,0.1281649
2023-04-18,60817366363,2104.28,1.28E-04,292.7958712,354.4705631,6.6583753,3.8559400,3.8884461,9.2404345,16.4244104,3.9425803,36.3839230,45.5401489,316970950104,1.17,3.71E-07,0.8484752,1.0271985,0.0192949,0.0111739,0.0112681,0.0267773,0.0475953,0.0114250,0.1054347,0.1319680
2023-04-19,81943647577,1936.48,1.59E-04,363.0463871,439.5186883,8.2559193,4.7810957,4.8214010,11.4574921,20.3651193,4.8885236,45.1135180,56.4665972,473116110868,1.09,5.16E-07,1.1798534,1.4283784,0.0268307,0.0155379,0.0156689,0.0372354,0.0661840,0.0158871,0.1466130,0.1835091
2023-04-20,76593655942,1943.17,1.49E-04,340.5159096,412.2423780,7.7435611,4.4843833,4.5221873,10.7464458,19.1012702,4.5851443,42.3137956,52.9623083,366388632945,1.05,3.85E-07,0.8801670,1.0655659,0.0200156,0.0115913,0.0116890,0.0277775,0.0493730,0.0118517,0.1093729,0.1368972
2023-04-21,46365409545,1849.16,8.57E-05,196.1563637,237.4748537,4.4607278,2.5832576,2.6050349,6.1905587,11.0034086,2.6413016,24.3751321,30.5092758,349241429234,1.01,3.53E-07,0.8070138,0.9770036,0.0183520,0.0106279,0.0107175,0.0254688,0.0452695,0.0108667,0.1002826,0.1255193
2023-04-22,43833129395,1874.46,8.22E-05,187.9803553,227.5766462,4.2747999,2.4755847,2.4964542,5.9325296,10.5447747,2.5312093,23.3591504,29.2376164,344805409269,1.03,3.55E-07,0.8125407,0.9836947,0.0184777,0.0107007,0.0107909,0.0256432,0.0455795,0.0109411,0.1009694,0.1263789
2023-04-23,48450624042,1862.42,9.02E-05,206.4480633,249.9344030,4.6947680,2.7187929,2.7417127,6.5153576,11.5807224,2.7798823,25.6540176,32.1100004,487050065164,1,4.87E-07,1.1143136,1.3490332,0.0253402,0.0146748,0.0147985,0.0351670,0.0625075,0.0150046,0.1384688,0.1733153
2023-04-24,51481567850,1842.51,9.49E-05,217.0178365,262.7305993,4.9351317,2.8579903,2.8820835,6.8489323,12.1736348,2.9222073,26.9674577,33.7539752,586679844242,0.99,5.81E-07,1.3288323,1.6087383,0.0302185,0.0174999,0.0176474,0.0419370,0.0745410,0.0178931,0.1651257,0.2066806
2023-04-25,44423858600,1866.48,8.29E-05,189.7026642,229.6617432,4.3139663,2.4982664,2.5193271,5.9868845,10.6413878,2.5544007,23.5731710,29.5054965,480475586456,1.01,4.85E-07,1.1102646,1.3441314,0.0252482,0.0146215,0.0147448,0.0350392,0.0622804,0.0149500,0.1379657,0.1726856
2023-04-26,46885746251,1866.8,8.75E-05,200.2499592,242.4307266,4.5538189,2.6371678,2.6593994,6.3197498,11.2330392,2.6964231,24.8838178,31.1459752,568067083952,0.99,5.62E-07,1.2866743,1.5577001,0.0292598,0.0169447,0.0170875,0.0406065,0.0721761,0.0173254,0.1598870,0.2001235
2023-04-27,43417185595,1909.41,8.29E-05,189.6682653,229.6200985,4.3131841,2.4978134,2.5188703,5.9857988,10.6394582,2.5539375,23.5688964,29.5001463,604089414585,1.01,6.10E-07,1.3959068,1.6899414,0.0317439,0.0183832,0.0185382,0.0440538,0.0783035,0.0187963,0.1734607,0.2171130
2023-04-28,43633561010,1892.75,8.26E-05,188.9503602,228.7509735,4.2968584,2.4883590,2.5093362,5.9631423,10.5991872,2.5442707,23.4796868,29.3884866,567131365726,1,5.67E-07,1.2975302,1.5708427,0.0295067,0.0170877,0.0172317,0.0409492,0.0727851,0.0174716,0.1612360,0.2018120
2023-04-29,41252060084,1909.22,7.88E-05,180.1919678,218.1477083,4.0976867,2.3730164,2.3930213,5.6867335,10.1078844,2.4263365,22.3913359,28.0262457,437873107437,1,4.38E-07,1.0018024,1.2128227,0.0227817,0.0131931,0.0133043,0.0316162,0.0561962,0.0134896,0.1244878,0.1558158
2023-04-30,50580093244,1870.13,9.46E-05,216.4139411,261.9994990,4.9213987,2.8500374,2.8740636,6.8298738,12.1397592,2.9140757,26.8924153,33.6600480,396092747366,0.98,3.88E-07,0.8880896,1.0751573,0.0201958,0.0116956,0.0117942,0.0280275,0.0498175,0.0119584,0.1103574,0.1381294
2023-05-01,77126318174,1831.54,1.41E-04,323.1862080,391.2623380,7.3494720,4.2561619,4.2920419,10.1995325,18.1291590,4.3517949,40.1603413,50.2669247,348578086950,0.96,3.35E-07,0.7656056,0.9268733,0.0174104,0.0100826,0.0101675,0.0241620,0.0429467,0.0103091,0.0951371,0.1190788
2023-05-02,95049603008,1871.77,1.78E-04,407.0395419,492.7785868,9.2563533,5.3604583,5.4056477,12.8458855,22.8329192,5.4809040,50.5802739,63.3090940,308352706104,0.98,3.02E-07,0.6913654,0.8369950,0.0157221,0.0091049,0.0091816,0.0218190,0.0387822,0.0093094,0.0859117,0.1075319
2023-05-03,83762267764,1905.9,1.60E-04,365.2433759,442.1784521,8.3058803,4.8100287,4.8505779,11.5268275,20.4883596,4.9181067,45.3865241,56.8083069,331504494242,1.01,3.35E-07,0.7660279,0.9273845,0.0174200,0.0100881,0.0101732,0.0241753,0.0429704,0.0103148,0.0951895,0.1191445
2023-05-04,86486115375,1878.56,1.62E-04,371.7108797,450.0082746,8.4529557,4.8952017,4.9364689,11.7309374,20.8511548,5.0051935,46.1902006,57.8142332,304353950581,0.98,2.98E-07,0.6823997,0.8261408,0.0155182,0.0089868,0.0090625,0.0215361,0.0382793,0.0091887,0.0847976,0.1061374
2023-05-05,155844446670,1996.34,3.11E-04,711.8027332,861.7372732,16.1868735,9.3740005,9.4530246,22.4640004,39.9286375,9.5846277,88.4513014,110.7105858,349870086367,1,3.50E-07,0.8004618,0.9690716,0.0182030,0.0105416,0.0106305,0.0252620,0.0449020,0.0107784,0.0994684,0.1245002
2023-05-06,150689523890,1901.99,2.87E-04,655.7300724,793.8534345,14.9117434,8.6355583,8.7083573,20.6943861,36.7832366,8.8295933,81.4835004,101.9892971,289736455291,0.98,2.84E-07,0.6496254,0.7864629,0.0147729,0.0085552,0.0086273,0.0205017,0.0364408,0.0087474,0.0807249,0.1010398
2023-05-07,125192517260,1879.53,2.35E-04,538.3459440,651.7434453,12.2423493,7.0896822,7.1494491,16.9898245,30.1985635,7.2489824,66.8969043,83.7318994,243250013129,0.96,2.34E-07,0.5342665,0.6468047,0.0121496,0.0070360,0.0070953,0.0168611,0.0299697,0.0071941,0.0663900,0.0830974
2023-05-08,122493509823,1853.92,2.27E-04,519.5625979,629.0035644,11.8152033,6.8423171,6.8999988,16.3970351,29.1449101,6.9960592,64.5628147,80.8104225,308193803003,0.9,2.77E-07,0.6346002,0.7682728,0.0144312,0.0083573,0.0084277,0.0200275,0.0355980,0.0085451,0.0788578,0.0987029
2023-05-09,103187004464,1849.03,1.91E-04,436.5186203,528.4671552,9.9267274,5.7486795,5.7971416,13.7762248,24.4865508,5.8778483,54.2434557,67.8941368,232602877391,0.88,2.05E-07,0.4683080,0.5669527,0.0106496,0.0061673,0.0062193,0.0147795,0.0262698,0.0063059,0.0581937,0.0728385
2023-05-10,108134611080,1842.72,1.99E-04,455.8877089,551.9161599,10.3671935,6.0037584,6.0543709,14.3874998,25.5730615,6.1386586,56.6503320,70.9067175,333950766122,0.88,2.94E-07,0.6723554,0.8139808,0.0152898,0.0088545,0.0089291,0.0212191,0.0377158,0.0090535,0.0835494,0.1045751
2023-05-11,113381482558,1795.53,2.04E-04,465.7668857,563.8762922,10.5918526,6.1338610,6.1855703,14.6992797,26.1272348,6.2716845,57.8779559,72.4432801,267290080768,0.84,2.25E-07,0.5136839,0.6218866,0.0116815,0.0067649,0.0068219,0.0162115,0.0288151,0.0069169,0.0638323,0.0798961
2023-05-12,77852992618,1808.22,1.41E-04,322.0775033,389.9200952,7.3242593,4.2415609,4.2773179,10.1645425,18.0669661,4.3368658,40.0225695,50.0944818,280331781081,0.87,2.44E-07,0.5579887,0.6755238,0.0126890,0.0073484,0.0074103,0.0176097,0.0313004,0.0075135,0.0693378,0.0867870
2023-05-13,49682615247,1796.24,8.92E-05,204.1750278,247.1825738,4.6430776,2.6888585,2.7115259,6.4436222,11.4532163,2.7492752,25.3715616,31.7564627,204838071697,0.85,1.74E-07,0.3983487,0.4822571,0.0090587,0.0052460,0.0052902,0.0125716,0.0223454,0.0053639,0.0495003,0.0619574
2023-05-14,48384396065,1800.22,8.71E-05,199.2804605,241.2570121,4.5317719,2.6244001,2.6465241,6.2891531,11.1786551,2.6833685,24.7633442,30.9951838,200016962822,0.86,1.72E-07,0.3935493,0.4764467,0.0089496,0.0051828,0.0052265,0.0124201,0.0220762,0.0052993,0.0489039,0.0612109
2023-05-15,68043747934,1816.85,1.24E-04,282.8401843,342.4178046,6.4319762,3.7248298,3.7562306,8.9262400,15.8659453,3.8085241,35.1467917,43.9916862,227874068474,0.86,1.96E-07,0.4483603,0.5428032,0.0101960,0.0059046,0.0059544,0.0141499,0.0251508,0.0060373,0.0557149,0.0697359
2023-05-16,64374908775,1824.52,1.17E-04,268.7194279,325.3226439,6.1108607,3.5388682,3.5687013,8.4805987,15.0738402,3.6183841,33.3920931,41.7954075,213630618256,0.85,1.82E-07,0.4154476,0.5029577,0.0094476,0.0054712,0.0055173,0.0131112,0.0233046,0.0055941,0.0516251,0.0646168
2023-05-17,60505535694,1822.22,1.10E-04,252.2491611,305.3830705,5.7363158,3.3219650,3.3499696,7.9608085,14.1499391,3.3966072,31.3454354,39.2336965,209940439339,0.89,1.87E-07,0.4274841,0.5175295,0.0097213,0.0056297,0.0056772,0.0134911,0.0239798,0.0057562,0.0531208,0.0664889
2023-05-18,61428068427,1800.56,1.11E-04,253.0511228,306.3539578,5.7545529,3.3325263,3.3606200,7.9861179,14.1949252,3.4074059,31.4450902,39.3584300,202911102869,0.87,1.77E-07,0.4038861,0.4889609,0.0091846,0.0053189,0.0053638,0.0127464,0.0226560,0.0054384,0.0501884,0.0628186
2023-05-19,53950566897,1812.73,9.78E-05,223.7499495,270.8807685,5.0882245,2.9466480,2.9714887,7.0613932,12.5512733,3.0128572,27.8040155,34.8010577,211525094455,0.87,1.84E-07,0.4210319,0.5097183,0.0095745,0.0055447,0.0055915,0.0132875,0.0236178,0.0056693,0.0523190,0.0654854
2023-05-20,38588308207,1820.02,7.02E-05,160.6814382,194.5274694,3.6540041,2.1160749,2.1339137,5.0709947,9.0134395,2.1636216,19.9668836,24.9916660,177126134490,0.88,1.56E-07,0.3566146,0.4317321,0.0081097,0.0046964,0.0047360,0.0112545,0.0200043,0.0048019,0.0443143,0.0554662
2023-05-21,40754757081,1805.42,7.36E-05,168.3411809,203.8006647,3.8281918,2.2169489,2.2356381,5.3127309,9.4431135,2.2667622,20.9187122,26.1830278,182992909258,0.86,1.57E-07,0.3600531,0.4358949,0.0081878,0.0047417,0.0047816,0.0113630,0.0201972,0.0048482,0.0447416,0.0560010
2023-05-22,54738006490,1817.8,9.95E-05,227.6506461,275.6031100,5.1769290,2.9980178,3.0232915,7.1844964,12.7700832,3.0653812,28.2887308,35.4077544,212108512899,0.87,1.85E-07,0.4221931,0.5111241,0.0096010,0.0055600,0.0056069,0.0133241,0.0236830,0.0056850,0.0524633,0.0656660
2023-05-23,61474276313,1854.47,1.14E-04,260.8236981,315.7637529,5.9313065,3.4348863,3.4638429,8.2314149,14.6309285,3.5120658,32.4109398,40.5673413,199011134006,0.89,1.77E-07,0.4052296,0.4905874,0.0092152,0.0053366,0.0053816,0.0127888,0.0227314,0.0054565,0.0503554,0.0630276
2023-05-24,51263205411,1799.99,9.23E-05,211.1104163,255.5788366,4.8007930,2.7801932,2.8036306,6.6624983,11.8422575,2.8426622,26.2333793,32.8351617,229014868094,0.87,1.99E-07,0.4558445,0.5518639,0.0103662,0.0060032,0.0060538,0.0143861,0.0255706,0.0061381,0.0566450,0.0709000
2023-05-25,47963979652,1806.11,8.66E-05,198.1952394,239.9431994,4.5070932,2.6101084,2.6321119,6.2549042,11.1177795,2.6687557,24.6284905,30.8263934,212081475592,0.89,1.89E-07,0.4318437,0.5228075,0.0098204,0.0056871,0.0057351,0.0136287,0.0242243,0.0058149,0.0536625,0.0671670
2023-05-26,38295483040,1828.69,7.00E-05,160.2217434,193.9709443,3.6435503,2.1100210,2.1278087,5.0564871,8.9876529,2.1574317,19.9097602,24.9201671,255095145534,0.91,2.32E-07,0.5311013,0.6429728,0.0120776,0.0069943,0.0070532,0.0167612,0.0297922,0.0071514,0.0659967,0.0826051
2023-05-27,30857611373,1830.95,5.65E-05,129.2625149,156.4904459,2.9395166,1.7023071,1.7166578,4.0794353,7.2509922,1.7405568,16.0626493,20.1049084,187167720805,0.92,1.72E-07,0.3939604,0.4769445,0.0089589,0.0051882,0.0052320,0.0124331,0.0220992,0.0053048,0.0489550,0.0612748
2023-05-28,35304442784,1909.21,6.74E-05,154.2115396,186.6947476,3.5068743,2.0308703,2.0479908,4.8668092,8.6505100,2.0765026,19.1629095,23.9853671,204561936455,0.94,1.92E-07,0.4399330,0.5326007,0.0100044,0.0057936,0.0058425,0.0138840,0.0246781,0.0059238,0.0546677,0.0684252
2023-05-29,43753085048,1893.01,8.28E-05,189.4939725,229.4090925,4.3092205,2.4955181,2.5165556,5.9802983,10.6296812,2.5515906,23.5472382,29.4730376,220252069168,0.91,2.00E-07,0.4585590,0.5551501,0.0104279,0.0060389,0.0060898,0.0144718,0.0257229,0.0061746,0.0569823,0.0713222
2023-05-30,52791040032,1901.24,1.00E-04,229.6312406,278.0008981,5.2219690,3.0241010,3.0495946,7.2470026,12.8811848,3.0920504,28.5348470,35.7158072,233485025003,0.9,2.10E-07,0.4807678,0.5820370,0.0109330,0.0063314,0.0063848,0.0151727,0.0269687,0.0064737,0.0597420,0.0747765
2023-05-31,45644667671,1874.04,8.55E-05,195.7053585,236.9288486,4.4504716,2.5773182,2.5990453,6.1763253,10.9781095,2.6352287,24.3190885,30.4391285,214804535274,0.89,1.91E-07,0.4373884,0.5295202,0.0099465,0.0057601,0.0058087,0.0138037,0.0245353,0.0058896,0.0543515,0.0680294
2023-06-01,46429527239,1862.13,8.65E-05,197.8053664,239.4712034,4.4982272,2.6049740,2.6269343,6.2426001,11.0959096,2.6635059,24.5800434,30.7657543,211499407372,0.89,1.88E-07,0.4306584,0.5213726,0.0097935,0.0056715,0.0057193,0.0135913,0.0241578,0.0057989,0.0535152,0.0669827
2023-06-02,37543014337,1907.37,7.16E-05,163.8316851,198.3412861,3.7256428,2.1575617,2.1757502,5.1704143,9.1901529,2.2060406,20.3583452,25.4816412,221920011917,0.9,2.00E-07,0.4569543,0.5532074,0.0103914,0.0060178,0.0060685,0.0144212,0.0256329,0.0061530,0.0567829,0.0710726
2023-06-03,29191407795,1892.61,5.52E-05,126.4008463,153.0259938,2.8744404,1.6646207,1.6786537,3.9891230,7.0904667,1.7020236,15.7070475,19.6598174,196005183264,0.9,1.76E-07,0.4035932,0.4886063,0.0091780,0.0053151,0.0053599,0.0127371,0.0226396,0.0054345,0.0501520,0.0627731
2023-06-04,26538386439,1890.3,5.02E-05,114.7728218,138.9486355,2.6100113,1.5114869,1.5242289,3.6221506,6.4381916,1.5454489,14.2621052,17.8512469,191878132804,0.89,1.71E-07,0.3907053,0.4730037,0.0088849,0.0051453,0.0051887,0.0123304,0.0219166,0.0052610,0.0485505,0.0607685
2023-06-05,42765863720,1842.44,7.88E-05,180.2703960,218.2426566,4.0994702,2.3740493,2.3940629,5.6892086,10.1122839,2.4273925,22.4010816,28.0384441,275150844755,0.84,2.31E-07,0.5287909,0.6401757,0.0120251,0.0069638,0.0070226,0.0166883,0.0296626,0.0071203,0.0657096,0.0822457
2023-06-06,32443616526,1886.16,6.12E-05,140.0043731,169.4949753,3.1837937,1.8437708,1.8593140,4.4184409,7.8535577,1.8851990,17.3974732,21.7756486,249699411174,0.82,2.05E-07,0.4684521,0.5671271,0.0106529,0.0061692,0.0062212,0.0147840,0.0262779,0.0063078,0.0582116,0.0728609
2023-06-07,28583680802,1832.43,5.24E-05,119.8338074,145.0756700,2.7251015,1.5781369,1.5914408,3.7818718,6.7220881,1.6135965,14.8910024,18.6384098,238638726113,0.77,1.84E-07,0.4204027,0.5089565,0.0095602,0.0055364,0.0055831,0.0132676,0.0235825,0.0056608,0.0522408,0.0653875
2023-06-08,29881294913,1846.21,5.52E-05,126.2159743,152.8021802,2.8702362,1.6621861,1.6761985,3.9832886,7.0800963,1.6995343,15.6840746,19.6310632,209991785333,0.78,1.64E-07,0.3747406,0.4536761,0.0085219,0.0049351,0.0049767,0.0118266,0.0210211,0.0050460,0.0465667,0.0582855
2023-06-09,27112035037,1840.48,4.99E-05,114.1634359,138.2108881,2.5961534,1.5034616,1.5161360,3.6029188,6.4040081,1.5372434,14.1863806,17.7564658,232005756771,0.73,1.69E-07,0.3874855,0.4691056,0.0088117,0.0051029,0.0051460,0.0122288,0.0217360,0.0052176,0.0481504,0.0602677
2023-06-10,29347417846,1752.48,5.14E-05,117.6675679,142.4531326,2.6758397,1.5496089,1.5626723,3.7135068,6.6005727,1.5844275,14.6218173,18.3014827,652620740853,0.61,3.98E-07,0.9108031,1.1026552,0.0207123,0.0119947,0.0120958,0.0287443,0.0510916,0.0122642,0.1131798,0.1416622
2023-06-11,22461462688,1753.15,3.94E-05,90.0929736,109.0702097,2.0487749,1.1864686,1.1964707,2.8432717,5.0537734,1.2131277,11.1952939,14.0126547,243347828704,0.64,1.56E-07,0.3563209,0.4313765,0.0081030,0.0046925,0.0047321,0.0112452,0.0199879,0.0047980,0.0442778,0.0554205
2023-06-12,22163743288,1742.62,3.86E-05,88.3648647,106.9780909,2.0094765,1.1637105,1.1735207,2.7887338,4.9568349,1.1898582,10.9805525,13.7438724,282226660278,0.64,1.81E-07,0.4132490,0.5002960,0.0093976,0.0054422,0.0054881,0.0130419,0.0231812,0.0055645,0.0513519,0.0642749
2023-06-13,21159834803,1739.25,3.68E-05,84.1992254,101.9349990,1.9147471,1.1088516,1.1181993,2.6572691,4.7231630,1.1337667,10.4629144,13.0959677,292979562667,0.64,1.88E-07,0.4289939,0.5193574,0.0097556,0.0056496,0.0056972,0.0135387,0.0240645,0.0057765,0.0533084,0.0667238
2023-06-14,26846036954,1650.7,4.43E-05,101.3869705,122.7431807,2.3056080,1.3352035,1.3464595,3.1997024,5.6873111,1.3652046,12.5987286,15.7692720,387038949008,0.62,2.40E-07,0.5490099,0.6646537,0.0124849,0.0072301,0.0072911,0.0173264,0.0307968,0.0073926,0.0682220,0.0853905
2023-06-15,23774015840,1665.41,3.96E-05,90.5852583,109.6661896,2.0599698,1.1929517,1.2030084,2.8588079,5.0813881,1.2197565,11.2564670,14.0892224,339155995606,0.59,2.00E-07,0.4578100,0.5542434,0.0104109,0.0060291,0.0060799,0.0144482,0.0256809,0.0061645,0.0568892,0.0712057
2023-06-16,25512775797,1716.91,4.38E-05,100.2164591,121.3261121,2.2789898,1.3197886,1.3309146,3.1627619,5.6216512,1.3494433,12.4532765,15.5872159,274046601674,0.59,1.62E-07,0.3699221,0.4478427,0.0084123,0.0048716,0.0049127,0.0116745,0.0207508,0.0049811,0.0459679,0.0575360
2023-06-17,22782178091,1727.25,3.94E-05,90.0293791,108.9932197,2.0473287,1.1856311,1.1956261,2.8412647,5.0502060,1.2122714,11.1873914,14.0027635,267181089334,0.61,1.63E-07,0.3728802,0.4514239,0.0084795,0.0049106,0.0049520,0.0117678,0.0209167,0.0050209,0.0463355,0.0579961
2023-06-18,19258566570,1720.48,3.31E-05,75.8066664,91.7746265,1.7238946,0.9983268,1.0067428,2.3924058,4.2523817,1.0207585,9.4200233,11.7906269,233509926373,0.6,1.40E-07,0.3205460,0.3880660,0.0072894,0.0042214,0.0042570,0.0101162,0.0179811,0.0043162,0.0398323,0.0498563
2023-06-19,23797800158,1736.73,4.13E-05,94.5590131,114.4769784,2.1503356,1.2452836,1.2557815,2.9842168,5.3042962,1.2732642,11.7502608,14.7072823,248095857044,0.61,1.51E-07,0.3462447,0.4191779,0.0078738,0.0045598,0.0045983,0.0109272,0.0194226,0.0046623,0.0430257,0.0538533
2023-06-20,23485662783,1792.69,4.21E-05,96.3256233,116.6157084,2.1905095,1.2685487,1.2792427,3.0399698,5.4033944,1.2970521,11.9697865,14.9820529,260939110909,0.63,1.64E-07,0.3761088,0.4553326,0.0085530,0.0049531,0.0049949,0.0118697,0.0210979,0.0050644,0.0467367,0.0584983
2023-06-21,25911901778,1889.69,4.90E-05,112.0272473,135.6247316,2.5475750,1.4753294,1.4877666,3.5355022,6.2841784,1.5084790,13.9209297,17.4242126,289127467339,0.67,1.94E-07,0.4431982,0.5365537,0.0100786,0.0058366,0.0058858,0.0139870,0.0248612,0.0059678,0.0550735,0.0689330
2023-06-22,21751822867,1872.42,4.07E-05,93.1821530,112.8100956,2.1190249,1.2271512,1.2374962,2.9407641,5.2270611,1.2547244,11.5791670,14.4931317,303358423299,0.66,2.00E-07,0.4580721,0.5545606,0.0104169,0.0060325,0.0060834,0.0144564,0.0256956,0.0061681,0.0569218,0.0712465
2023-06-23,24162209448,1893.48,4.58E-05,104.6721580,126.7203620,2.3803154,1.3784674,1.3900881,3.3033807,5.8715940,1.4094406,13.0069585,16.2802352,270523296393,0.68,1.84E-07,0.4208694,0.5095216,0.0095709,0.0055426,0.0055893,0.0132823,0.0236087,0.0056671,0.0522988,0.0654601
2023-06-24,19458952565,1875.93,3.65E-05,83.5160411,101.1079084,1.8992110,1.0998545,1.1091264,2.6357083,4.6848397,1.1245674,10.3780193,12.9897083,226049117633,0.65,1.47E-07,0.3361631,0.4069726,0.0076446,0.0044271,0.0044644,0.0106091,0.0188571,0.0045265,0.0417729,0.0522853
2023-06-25,16577140864,1899.46,3.15E-05,72.0399813,87.2145247,1.6382377,0.9487219,0.9567197,2.2735318,4.0410891,0.9700390,8.9519607,11.2047737,235063203895,0.67,1.57E-07,0.3603241,0.4362229,0.0081940,0.0047452,0.0047852,0.0113716,0.0202124,0.0048519,0.0447752,0.0560432
2023-06-26,18356299421,1859.19,3.41E-05,78.0805240,94.5274508,1.7756037,1.0282721,1.0369405,2.4641672,4.3799339,1.0513766,9.7025814,12.1442924,244831694355,0.65,1.59E-07,0.3640951,0.4407883,0.0082798,0.0047949,0.0048353,0.0114906,0.0204239,0.0049026,0.0452438,0.0566297
2023-06-27,23748973334,1889.74,4.49E-05,102.6787817,124.3070997,2.3349846,1.3522159,1.3636152,3.2404711,5.7597754,1.3825992,12.7592540,15.9701945,243520008358,0.66,1.61E-07,0.3677159,0.4451718,0.0083621,0.0048426,0.0048834,0.0116049,0.0206271,0.0049514,0.0456938,0.0571929
2023-06-28,25018334896,1827.52,4.57E-05,104.6054595,126.6396141,2.3787986,1.3775890,1.3892023,3.3012757,5.8678525,1.4085425,12.9986703,16.2698612,299382543758,0.61,1.83E-07,0.4178209,0.5058309,0.0095015,0.0055024,0.0055488,0.0131861,0.0234377,0.0056261,0.0519200,0.0649860
2023-06-29,38654952329,1851.93,7.16E-05,163.7810007,198.2799255,3.7244902,2.1568942,2.1750771,5.1688147,9.1873098,2.2053581,20.3520470,25.4737579,238809128562,0.62,1.48E-07,0.3387478,0.4101018,0.0077034,0.0044611,0.0044987,0.0106906,0.0190021,0.0045613,0.0420941,0.0526873
2023-06-30,34621226394,1933.48,6.69E-05,153.1496270,185.4091531,3.4827256,2.0168856,2.0338882,4.8332960,8.5909419,2.0622036,19.0309522,23.8202020,355367019389,0.66,2.35E-07,0.5366052,0.6496360,0.0122028,0.0070668,0.0071263,0.0169349,0.0301009,0.0072255,0.0666806,0.0834611