Year,Month,Day,ETH to USD,Latency - 100 GWei,Deploy (StackelbergGameOffChain),Deploy (StackelbergGameOnChain),grantRole,revokeRole,initialize,input,initEvaluation,output (StackelbergGameOffChain),output (StackelbergGameOnChain)
2022,6,2,1833.26,1579.888888888889,407.07024987200003,495.421832334,9.538085128,5.52361238,12.911283528,23.824130330000003,5.649007364,43.040544976,53.391680914000005
2022,6,3,1773.59,216.7697907188353,393.82069344800004,479.296557831,9.227634051999999,5.34382667,12.491039652,23.048688845,5.465140226,41.639636584,51.653857801
2022,6,4,1803.65,185.26684470008217,400.49543228000005,487.419999285,9.38403022,5.4343974500000005,12.70274622,23.439333575000003,5.55776711,42.34537324,52.529322234999995
2022,6,5,1804.7,614.448275862069,400.72858183999995,487.70375223,9.38949316,5.437561100000001,12.71014116,23.45297885,5.56100258,42.370024719999996,52.55990233
2022,6,6,1858.56,139.0924779591071,412.688044032,502.258927104,9.669715968,5.59984128,13.089466368,24.152916480000002,5.726966784,43.634528255999996,54.128515584000006
2022,6,7,1812.7,297.23880880121396,402.50495944000005,489.86567943,9.43111556,5.4616651,12.76648356,23.556942850000002,5.58565378,42.55784552,52.79289352999999
2022,6,8,1791.03,465.14342478713337,397.693196616,484.009559127,9.318370884,5.396373390000001,12.613866084,23.275330365000002,5.5188798420000005,42.049085928000004,52.161778616999996
2022,6,9,1787.71,446.3166132377899,396.95599991200004,483.112359339,9.301097588000001,5.386370230000001,12.590483988,23.232185305,5.508649594,41.971140296,52.065087268999996
2022,6,10,1661.1,243.68744370383715,368.84260392,448.8971589899999,8.64237108,5.0048943,11.698795079999998,21.586825049999998,5.1185135399999995,38.99864135999999,48.377710289999996
2022,6,11,1530.28,79.76504297994269,339.794389216,413.544244452,7.961740784,4.61073364,10.777455984000001,19.886753740000003,4.715404792,35.927301727999996,44.567721692
2022,6,12,1434.02,82.51572327044025,318.420125744,387.530855418,7.460919256000001,4.320702260000001,10.099516056,18.635806910000003,4.4187892280000005,33.66734795200001,41.764255078
2022,6,13,1209.12,940.3617176128093,268.481710464,326.75367700799995,6.290809536,3.6430785599999993,8.515590335999999,15.71311896,3.7257823679999995,28.387235712,35.214289967999996
2022,6,14,1206.94,417.4587089794446,267.99764756800005,326.16455184600005,6.279467432000001,3.636510220000001,8.500237032000001,15.684788770000003,3.7190649160000007,28.336054544,35.15079986600001
2022,6,15,1236.89,476.21612726275373,274.647961208,334.25826680100005,6.4352912920000005,3.72674957,8.711168892000002,16.074003995,3.8113528460000006,29.039208664000004,36.023060671
2022,6,16,1067.1,60.140621695918796,236.94656712,288.37406439,5.55190788,3.2151723,7.515371879999999,13.867498049999998,3.2881619399999997,25.05294696,31.07811369
2022,6,17,1085.21,105.40351841671247,240.967841912,293.268127089,5.646130588000001,3.2697377300000006,7.6429169880000005,14.102846555000001,3.3439660940000007,25.478126296000003,31.605547519000005
2022,6,18,994.41,386.4820353820901,220.80595615200002,268.730253369,5.173716348,2.9961573300000004,7.003430748,12.922855155,3.064174974,23.346360216,28.961097399000003
2022,6,19,1127.03,71.60019743336623,250.253855816,304.569601527,5.863711683999999,3.3957413899999995,7.937446883999999,14.646318364999999,3.4728302419999997,26.459959528,32.823509017
2022,6,20,1126.99,45.0,250.24497392800004,304.55879189100006,5.863503572000001,3.3956208700000006,7.937165172,14.645798545000002,3.472706986,26.459020424000002,32.822344061
2022,6,21,1124.71,140.3438128772636,249.738706312,303.94264263900004,5.851641188,3.3887512300000004,7.921107588000001,14.616168805000001,3.465681394,26.405491496,32.755941569
2022,6,22,1048.3,51.63722983964676,232.77207976,283.29353547,5.45409524,3.1585279,7.38296724,13.623182649999999,3.23023162,24.611568079999998,30.530584369999996
2022,6,23,1143.46,346.165932792584,253.90209131200004,309.009659514,5.949193688,3.44524498,8.053160088000002,14.859834430000001,3.5234576440000005,26.845696496000006,33.30201469400001
2022,6,24,1224.12,120.89371980676329,271.812418464,330.807290508,6.368851536,3.6882735600000003,8.621232336,15.90805146,3.772003368,28.739399712,35.651148468
2022,6,25,1241.0,62.41868029739777,275.5605752,335.3689569,6.456674800000001,3.739133,8.7401148,16.1274155,3.8240174000000002,29.1357016,36.1427599
2022,6,26,1198.25,135.0743840074384,266.0680574,323.81615842499997,6.2342550999999995,3.6103272499999997,8.439035099999998,15.571857875000001,3.69228755,28.1320342,34.897713175
2022,6,27,1190.73,325.66085541608555,264.398262456,321.78394685700005,6.195130044,3.5876694900000006,8.386073244,15.474131715,3.669115422,27.955482648,34.678701447
2022,6,28,1142.41,129.50693756194252,253.66894175200002,308.7259065690001,5.943730748000001,3.4420813300000006,8.045765148000001,14.846189155000003,3.5202221740000006,26.821045016000006,33.271434599
2022,6,29,1098.71,430.8259535291539,243.96547911200003,296.91637923900004,5.716368388,3.31041323,7.737994788000001,14.278285805000001,3.385564994,25.795073895999998,31.998720169
2022,6,30,1069.53,91.51310160427808,237.486141816,289.03074977700004,5.564550684,3.22249389,7.532485884000001,13.899077114999999,3.295649742,25.109997528,31.148884767000002
2022,7,1,1058.01,195.30401954252721,234.928158072,285.917574609,5.504614427999999,3.1877841300000003,7.451352827999999,13.749368955,3.260152014,24.839535576,30.813377439
2022,7,2,1065.69,45.41834607366226,236.63348056799998,287.993024721,5.544571931999999,3.21092397,7.505441532,13.849174395,3.283817166,25.019843543999997,31.037048991
2022,7,3,1072.95,46.21594461813309,238.24554324,289.954973655,5.58234426,3.2327983500000004,7.556572259999999,13.943521725,3.30618813,25.190290920000002,31.248488505
2022,7,4,1149.81,45.0,255.312091032,310.725689229,5.982231468,3.4643775299999997,8.097881868000002,14.942355855,3.5430245339999997,26.994779256,33.486951459000004
2022,7,5,1131.96,71.17861180194438,251.34854851200004,305.901889164,5.8893614880000005,3.4105954800000005,7.972167888,14.71038618,3.488021544,26.575704096000003,32.967089844
2022,7,6,1185.41,63.234679981842945,263.2169713520001,320.346265269,6.1674511480000005,3.5716403300000006,8.348605548000002,15.404995655000004,3.6527223740000005,27.830581816000006,34.523762299000005
2022,7,7,1236.64,139.69921332716336,274.59244940800005,334.190706576,6.433990592000001,3.72599632,8.709408192000001,16.07075512,3.8105824960000008,29.033339264000002,36.015779696
2022,7,8,1214.0,46.045792654579266,269.5653008,328.07245259999996,6.3161992,3.6577819999999996,8.5499592,15.776537,3.7408195999999996,28.501806399999996,35.356414599999994
2022,7,9,1216.53,48.4361334867664,270.12708021599997,328.75616207699994,6.329362283999999,3.66540489,8.567777484,15.809415614999999,3.748615542,28.561204728,35.430098066999996
2022,7,10,1167.31,47.14740757963264,259.19791703199996,315.45490497899993,6.073280467999999,3.5171050299999997,8.221130868,15.169777104999998,3.596949033999999,27.405637256,33.996619709
2022,7,11,1095.67,126.55011441647598,243.29045562400006,296.094846903,5.700551876000001,3.30125371,7.716584676000002,14.238779485000002,3.3761975380000004,25.723701992000002,31.910183513000007
2022,7,12,1037.37,71.7739392534199,230.34510386399995,280.33980243299993,5.397228635999999,3.1255958099999996,7.305989435999999,13.481141834999999,3.196551917999999,24.354957911999996,30.212260142999998
2022,7,13,1114.57,77.39898053753475,247.48714770399997,301.20239991299997,5.798884795999999,3.3581994099999997,7.849693596,14.484394434999997,3.4344359979999997,26.167428631999996,32.460625222999994
2022,7,14,1192.56,147.37883720930233,264.804608832,322.278487704,6.204651168,3.59318328,8.398961568,15.49791348,3.674754384,27.998446656,34.731998184
2022,7,15,1231.23,130.5500711912672,273.391174056,332.728703307,6.405843443999999,3.7096959899999997,8.671306644,16.000449465,3.7939121219999996,28.906325447999997,35.858219397
2022,7,16,1356.31,112.48126599953456,301.164837832,366.530435079,7.056609667999999,4.08656203,9.552220067999999,17.625926604999997,4.179333634,31.842903655999997,39.501036809
2022,7,17,1337.97,80.83592842203115,297.092492184,361.574216973,6.961190316000001,4.03130361,9.423055115999999,17.387589135,4.122820758,31.412324471999998,38.966904483
2022,7,18,1583.55,119.17993963315533,351.62284356,427.939977195,8.238893939999999,4.771236149999999,11.15262594,20.579024025,4.8795509699999995,37.17795348,46.119151845
2022,7,19,1543.12,53.35997220291869,342.64547526399997,417.01413760799994,8.028544735999999,4.649420559999999,10.867885536,20.05361596,4.754969967999999,36.228754112,44.941672567999994
2022,7,20,1521.72,106.75040669300488,337.89366518400004,411.23098234800005,7.917204816000001,4.58494236,10.717169616000001,19.77551226,4.689028008,35.72633347200001,44.318421108
2022,7,21,1575.68,85.63484708063021,349.875332096,425.81318131200004,8.197947904000001,4.74752384,11.097199104000001,20.47674944,4.855300352,36.993184768000006,45.88994675200001
2022,7,22,1535.71,45.062630480167016,341.000105512,415.01165253899995,7.989991988,4.62709423,10.815698388,19.957319305000002,4.732136794,36.054785096,44.725864469
2022,7,23,1549.19,45.0,343.993301768,418.65449987100004,8.060125732000001,4.66770947,10.910635332,20.132498645000002,4.773674066,36.371263144,45.118454641
2022,7,24,1597.72,45.0,354.769252384,431.76929074800006,8.312617616,4.8139303600000005,11.252422416,20.763170260000003,4.923214408000001,37.510631072,46.531837508
2022,7,25,1438.01,66.35111464968153,319.30609407199995,388.60911660899995,7.4816784279999995,4.33272413,10.127616827999999,18.687658955,4.431084014,33.761023576,41.88045943899999
2022,7,26,1449.61,45.412624738918545,321.881841592,391.74391104899996,7.542030908,4.36767493,10.209313307999999,18.838406754999998,4.466828254,34.033363736,42.218296679
2022,7,27,1636.88,57.227640342530925,363.464620736,442.35192439200006,8.516359264,4.931919440000001,11.528218464,21.27207404,5.043882032,38.430013888000005,47.672329432
2022,7,28,1725.82,54.22077317186772,383.213498704,466.387150038,8.979096296,5.19989566,12.154605096,22.42789381,5.317941748,40.518111632,50.262609098
2022,7,29,1722.28,45.83158630328442,382.427451616,465.43049725199995,8.960678384,5.18922964,12.129673583999999,22.38188974,5.307033592,40.435000928,50.159510491999995
2022,7,30,1697.52,45.0,376.929562944,458.739332568,8.831857056,5.114627759999999,11.955293856,22.060121159999998,5.2307381280000005,39.853695552000005,49.438402728
2022,7,31,1679.55,45.02647783251231,372.93937475999996,453.88310359499997,8.73836274,5.06048415,11.82873474,21.826592025,5.17536537,39.43180308,48.91504624499999
2022,8,1,1630.62,45.023169601482856,362.07460526399996,440.66021635799996,8.483789735999999,4.913058059999999,11.484130535999999,21.190722209999997,5.024592467999999,38.283044112,47.490013817999994
2022,8,2,1631.11,45.37526108145742,362.183408392,440.792634399,8.486339108000001,4.91453443,11.487581508,21.197090005,5.026102354,38.294548136,47.504284529
2022,8,3,1618.68,45.0,359.42336169600003,437.43354001200004,8.421668304,4.877082840000001,11.400039504,21.035555940000002,4.987800552,38.002721568000005,47.142274452
2022,8,4,1607.96,45.0,357.043015712,434.53655756399996,8.365894288,4.84478348,11.324540688,20.89624418,4.954767944,37.751041696,46.830066244
2022,8,5,1736.78,45.0,385.64713601599993,469.34899030199995,9.036118984,5.23291814,12.231794184,22.570324489999997,5.351713892,40.775426128,50.581807041999994
2022,8,6,1690.67,45.0,375.40853962399996,456.888182403,8.796217876,5.09398871,11.907050676,21.971101985,5.209630538,39.692873992,49.238904013
2022,8,7,1700.54,45.0,377.600145488,459.555460086,8.847569512,5.12372702,11.976563112,22.09936757,5.240043956,39.924597903999995,49.526356906
2022,8,8,1777.99,52.163763066202094,394.797701128,480.48561779100004,9.250526372000001,5.35708387,12.522027972,23.105869045000002,5.4786983860000005,41.742938024000004,51.782002961
2022,8,9,1703.41,48.8994552882433,378.23742095200004,460.33105146900004,8.862501548000001,5.13237433,11.996775948,22.136664655,5.248887574,39.991978616000004,49.609942499000006
2022,8,10,1854.05,74.46997449571064,411.6866111599999,501.04014064499995,9.64625134,5.58625265,13.057703339999998,24.094306775,5.713069669999999,43.528644279999995,53.997166795
2022,8,11,1881.06,45.0,417.684106032,508.33934735400004,9.786778968,5.66763378,13.247929368,24.445315230000002,5.796298284000001,44.162774256000006,54.783803334000005
2022,8,12,1959.26,45.0,435.04819707200005,529.472185734,10.193637928000001,5.90325038,13.798676328,25.461563330000004,6.037263764,45.998722576000006,57.061292314
2022,8,13,1984.29,45.00690131124914,440.60603848799997,536.236315461,10.323864012,5.978665769999999,13.974957611999999,25.786840695000002,6.114391206,46.586366904,57.790263530999994
2022,8,14,1936.02,45.0,429.887820144,523.191787218,10.072724855999999,5.833228259999999,13.635001655999998,25.159547909999997,5.965652028,45.453103152,56.384452878000005
2022,8,15,1899.64,45.0,421.80974300800005,513.360423276,9.883446992,5.72361532,13.378784592,24.686771620000002,5.853550696,44.598988064,55.324925396000005
2022,8,16,1877.16,48.17217787913341,416.818121952,507.2854078440001,9.766488048000001,5.655883080000001,13.220462448000001,24.394632780000002,5.7842808240000005,44.07121161600001,54.670220124000004
2022,8,17,1834.04,45.012248022454706,407.243446688,495.632620236,9.542143312,5.52596252,12.916776912,23.83426682,5.651410856,43.058857503999995,53.414397556000004
2022,8,18,1846.36,45.0,409.979068192,498.961988124,9.606241808,5.56308268,13.003544208000001,23.994371379999997,5.689373703999999,43.348101536,53.773204004
2022,8,19,1609.05,45.05181226765799,357.28504716,434.83112014499994,8.37156534,4.848067649999999,11.33221734,20.910409274999996,4.9581266699999995,37.776632279999994,46.861811294999995
2022,8,20,1575.73,45.0,349.88643445599996,425.826693357,8.198208044,4.74767449,11.097551244,20.477399215,4.855454422,36.994358647999995,45.891402946999996
2022,8,21,1617.86,45.0,359.241282992,437.211942474,8.417402008,4.87461218,11.394264408,21.02489963,4.985273803999999,37.983469936,47.118392854
2022,8,22,1624.65,45.17080291970803,360.74898348000005,439.046878185,8.452729020000001,4.89507045,11.44208502,21.113139075000003,5.0061965100000005,38.142882840000006,47.316144135
2022,8,23,1664.76,45.0,369.655296672,449.886240684,8.661413328,5.0159218800000005,11.724571728,21.634388580000003,5.129791464,39.084569376,48.484303764
2022,8,24,1656.52,45.06239419588876,367.82562774400003,447.659455668,8.618542256,4.99109476,11.666539056,21.52730566,5.104400728000001,38.891113952,48.244322828
2022,8,25,1695.85,54.56122448979592,376.55874412,458.288030265,8.823168379999998,5.1095960499999995,11.943532379999999,22.038418675,5.2255921899999995,39.814487959999994,49.389765815
2022,8,26,1508.09,45.0,334.867161848,407.547598881,7.846290652,4.54387517,10.621176252,19.598383594999998,4.647028526,35.406333784,43.921462350999995
2022,8,27,1491.26,45.0,331.13010747199996,402.99944453399996,7.758727528,4.49316638,10.502645928,19.37966933,4.595168564,35.011205776,43.431307114
2022,8,28,1426.4,45.0,316.72812608,385.47161976,7.42127392,4.2977432,10.04584992,18.5367812,4.39530896,33.48844864,41.54233096
2022,8,29,1552.4,45.017025804735304,344.70607328,419.5219731600001,8.076826720000001,4.6773812,10.93324272,20.1742142,4.783565360000001,36.44662624,45.21194236000001
2022,8,30,1524.62,45.05304101838755,338.537602064,412.014680958,7.932292935999999,4.59368006,10.737593735999999,19.81319921,4.697964068,35.794418512,44.402880417999995
2022,8,31,1554.16,47.08883435582822,345.09687635200004,419.997597144,8.085983648000001,4.68268408,10.945638048000001,20.19708628,4.788988624,36.487946816,45.263200424
2022,9,1,1585.98,48.39919066888836,352.162418256,428.596662582,8.251536744000001,4.77855774,11.169739944,20.61060309,4.8870387719999995,37.235004048,46.189922922
2022,9,2,1574.02,45.0,349.50673374400003,425.36458141800006,8.189311256,4.742522259999999,11.085508056,20.45517691,4.850185228,36.954211952,45.841601078
2022,9,3,1557.54,45.0,345.847395888,420.9110113859999,8.103569112,4.69286802,10.969442712,20.24101107,4.799403756,36.567301104,45.361639206
2022,9,4,1579.06,45.0,350.625851632,426.726595554,8.215533368,4.75770778,11.121003768,20.52067423,4.865715484,37.072539056,45.988385533999995
2022,9,5,1617.5,45.426781737193764,359.161346,437.11465575000005,8.415529,4.8735275,11.391729,21.02022125,4.984164499999999,37.975018,47.107908249999994
2022,9,6,1558.9,45.0,346.14938008,421.27853901,8.11064492,4.6969657,10.97902092,20.25868495,4.80359446,36.59923064,45.40124771
2022,9,7,1630.0,45.15079365079365,361.93693600000006,440.492667,8.480564,4.91119,11.479764000000001,21.182665,5.0226820000000005,38.268488,47.471957
2022,9,8,1635.6,59.48972360028349,363.18040032,442.00601603999996,8.509699679999999,4.928062799999999,11.519203679999999,21.255439799999998,5.0399378399999994,38.39996255999999,47.63505084
2022,9,9,1719.35,45.0,381.77685332,464.638691415,8.94543418,5.180401549999999,12.109038179999999,22.343812924999998,5.29800509,40.366211559999996,50.07417746499999
2022,9,10,1774.69,45.10467550593161,394.06494536800005,479.593822821,9.233357132,5.34714097,12.498786732,23.062983895,5.468529766,41.665461944,51.68589409100001
2022,9,11,1767.02,45.0,392.36184334399996,477.52107511799994,9.193451656,5.32403126,12.444768455999998,22.96330841,5.444895428,41.485388752,51.462513777999995
2022,9,12,1716.53,53.40255341323606,381.15068021599996,463.87661207699995,8.930762284,5.17190489,12.089177483999999,22.307165615,5.289315542,40.300004728,49.992048067
2022,9,13,1574.56,45.039414680198256,349.626639232,425.510511504,8.192120767999999,4.74414928,11.089311167999998,20.462194479999997,4.851849184,36.966889855999995,45.857327983999994
2022,9,14,1639.6,45.0,364.06858912,443.08697964,8.53051088,4.9401148,11.54737488,21.307421799999997,5.05226344,38.49387296,47.75154644
2022,9,15,1472.51,49.84835010531243,326.966722472,397.932427659,7.661175028000001,4.43667263,10.370593428,19.136003705,4.537392314,34.571000776,42.885233989
2022,9,16,1433.97,45.0,318.409023384,387.517343373,7.4606591159999995,4.32055161,10.099163916,18.635157135,4.418635158,33.666174072,41.762798882999995
2022,9,17,1469.05,45.018408382894364,326.19843916,396.997394145,7.64317334,4.42624765,10.34622534,19.091039275,4.526730669999999,34.48976828,42.784465295
2022,9,18,1334.3,46.50915750915751,296.27757895999997,360.58243287,6.942096039999999,4.0202459,9.397208039999999,17.33989565,4.111512019999999,31.32616168,38.86001977
2022,9,19,1376.21,45.0,305.58357711200006,371.908228989,7.160145388000001,4.14652073,9.692371788,17.884537055000003,4.240653494,32.310107896,40.08060241900001
2022,9,20,1323.07,45.0,293.78398890399995,357.547627563,6.883668595999999,3.9864099099999994,9.318117395999998,17.193956184999998,4.076907898,31.062508231999995,38.532958373
2022,9,21,1246.29,45.26405405405406,276.735204888,336.798531261,6.484197611999999,3.75507177,8.777371212,16.196161695,3.840318006,29.259898103999998,36.296825331
2022,9,22,1326.15,45.0,294.46789428,358.37996953500004,6.89969322,3.9956899499999996,9.339809220000001,17.233982325,4.08639861,31.13481924,38.622659985
2022,9,23,1326.95,45.0,294.64553204000003,358.596162255,6.903855460000001,3.99810035,9.34544346,17.244378725,4.08886373,31.15360132,38.645959105
2022,9,24,1317.11,45.0,292.46058759199997,355.936991799,6.852659908,3.9684524299999997,9.276142307999999,17.116503005,4.058542753999999,30.922581735999998,38.359379929
2022,9,25,1294.72,45.0,287.488950784,349.88629804799996,6.736169216,3.90099136,9.118454016,16.82553376,3.989550208,30.396918272,37.707295808000005
2022,9,26,1336.65,45.0,296.79938988000004,361.2174989850001,6.95432262,4.02732645,9.413758620000001,17.370435075000003,4.118753310000001,31.381334040000002,38.928460935000004
2022,9,27,1328.11,45.0,294.90310679199996,358.909641699,6.909890707999999,4.00159543,9.353613108,17.259453505,4.092438154,31.180835335999994,38.679742829
2022,9,28,1337.15,45.51925267714741,296.91041348000005,361.352619435,6.956924020000001,4.028832950000001,9.417280020000002,17.376932825,4.120294010000001,31.393072840000002,38.943022885000005
2022,9,29,1335.9,47.7495340167754,296.63285448,361.01481831,6.95042052,4.0250667,9.40847652,17.36068845,4.11644226,31.36372584,38.90661801
2022,9,30,1328.7,45.0,295.03411464,359.06908383,6.9129603600000005,4.0033731,9.35776836,17.26712085,4.09425618,31.194687120000005,38.696925930000006
2022,10,1,1311.8,45.0,291.28151696,354.50201261999996,6.825033039999999,3.952453399999999,9.23874504,17.0474969,4.04218052,30.79791568,38.20473202
2022,10,2,1276.69,45.0,283.48543976800005,345.013854621,6.642362732000001,3.8466669700000002,8.991472332,16.591224895,3.9339925660000006,29.973617144000002,37.182191891
2022,10,3,1323.32,45.0,293.839500704,357.615187788,6.884969296,3.9871631599999997,9.319878096,17.19720506,4.077678248000001,31.068377632,38.540239348
2022,10,4,1361.9,45.0,302.40608168,368.04108171,7.08569332,4.1034047000000005,9.59158932,17.69857145,4.19655866,31.974143440000002,39.66383941
2022,10,5,1352.44,50.127613028682546,300.305515168,365.484602796,7.036474832000001,4.07490172,9.524964432,17.57563402,4.1674086159999995,31.752045344000003,39.388327316
2022,10,6,1352.4,66.2888198757764,300.29663328000004,365.47379316000007,7.03626672,4.074781200000001,9.524682720000001,17.5751142,4.16728536,31.751106240000006,39.387162360000005
2022,10,7,1331.14,45.45201484623542,295.575909808,359.72847162600004,6.925655192000001,4.01072482,9.374952792,17.298829870000002,4.101774796,31.251972463999998,38.767988246
2022,10,8,1315.47,147.91571753986332,292.096430184,355.493796723,6.844127316,3.9635111100000002,9.264592116,17.095190385,4.053489258,30.884078472,38.311616733
2022,10,9,1323.41,45.0,293.859484952,357.6395094690001,6.8854375480000005,3.98743433,9.320511948000002,17.198374655000002,4.077955574000001,31.070490616,38.54286049900001
2022,10,10,1290.04,58.303985171455054,286.449769888,348.621570636,6.711820112,3.8868905199999997,9.085493712,16.76471482,3.9751292559999998,30.287043104,37.570995956
2022,10,11,1279.79,45.0,284.173786088,345.851601411,6.658491411999999,3.8560072699999997,9.013305012,16.631510945,3.9435449059999996,30.046397704,37.272475981
2022,10,12,1294.29,45.207656612529,287.393470488,349.770094461,6.733932012,3.89969577,9.115425612,16.819945694999998,3.9882252059999996,30.386822904,37.694772531
2022,10,13,1287.51,46.45441860465116,285.887990472,347.937861159,6.698657028,3.87926763,9.067675428000001,16.731836205,3.967333314,30.227644776,37.497312489
2022,10,14,1296.63,46.67380176826431,287.9130609360001,350.402458167,6.7461065640000015,3.9067461900000002,9.131905764000003,16.850355165000003,3.995435682000001,30.441760488000003,37.762922457
2022,10,15,1274.91,45.0,283.09019575200006,344.53282581900004,6.6331017480000005,3.84130383,8.978936148,16.568092905,3.928507674,29.931827016,37.130351349
2022,10,16,1305.87,45.13461538461539,289.964777064,352.899484083,6.7941804359999995,3.93458631,9.196981236,16.970433585,4.023907818,30.658693511999996,38.032027293
2022,10,17,1331.52,47.51913709116214,295.660287744,359.831163168,6.927632256000001,4.011869760000001,9.377629056,17.30376816,4.102945728,31.260893952000004,38.779055328
2022,10,18,1310.78,65.7251542152159,291.05502881599995,354.22636690199994,6.819726183999999,3.9493801399999993,9.231561383999999,17.03424149,4.039037492,30.773968527999994,38.175025642
2022,10,19,1284.85,49.14249245764679,285.29734492,347.21902036499995,6.684817579999999,3.8712530499999995,9.04894158,16.697268174999998,3.959136789999999,30.165194359999997,37.419842915
2022,10,20,1282.68,45.02750582750583,284.815502496,346.63259761200004,6.673527504,3.8647148400000004,9.033658704,16.66906794,3.9524501520000004,30.114247968,37.35664405200001
2022,10,21,1299.88,89.87842227378191,288.634714336,351.280741092,6.763015664000001,3.91653844,9.154794864000001,16.89259054,4.005450232,30.518062688000004,37.857575132
2022,10,22,1313.91,45.0,291.750036552,355.072220919,6.836010948,3.95881083,9.253605348,17.074917405,4.048682274000001,30.847453416000004,38.266183449
2022,10,23,1364.2,47.5871944121071,302.91679023999995,368.66263577999996,7.09765976,4.1103346,9.60778776,17.7284611,4.20364588,32.028141919999996,39.73082438
2022,10,24,1343.83,51.12940630797774,298.393688776,363.157828647,6.991678724,4.04895979,9.464325924,17.463742765,4.140877762,31.549903207999996,39.137570537
2022,10,25,1460.37,56.92984901277584,324.27106946399994,394.65170313299996,7.598013035999999,4.400094809999999,10.285093836,18.978238334999997,4.4999841179999995,34.285982712,42.531669842999996
2022,10,26,1566.85,61.986492780624125,347.91465531999995,423.426954165,8.15200718,4.72091905,11.03501118,20.361999174999998,4.82809159,36.785877559999996,45.632782715
2022,10,27,1514.35,45.0,336.25717732,409.239306915,7.878860179999999,4.5627365499999994,10.665264180000001,19.679735425,4.66631809,35.553303559999996,44.103777965
2022,10,28,1555.12,45.031053000233484,345.310041664,420.25702840799994,8.090978336,4.6855765599999994,10.952399135999999,20.20956196,4.791946767999999,36.51048531199999,45.291159367999995
2022,10,29,1620.42,45.0,359.809723824,437.90375917800003,8.430721176,4.882325460000001,11.412293976,21.05816811,4.993162188,38.043572592000004,47.192950038000006
2022,10,30,1590.93,45.0,353.261551896,429.93435503700005,8.277290604000001,4.793472090000001,11.204601804,20.674930815,4.902291702,37.351218168,46.33408622700001
2022,10,31,1572.88,67.49102308349957,349.253599936,425.05650679200005,8.183380064000001,4.7390874400000005,11.077479264,20.44036204,4.846672432,36.927447488000006,45.808399832
2022,11,1,1578.51,45.266044340723454,350.50372567200003,426.577963059,8.212671828,4.75605063,11.117130228,20.513526705,4.8640207140000005,37.059626376000004,45.972367389
2022,11,2,1518.33,45.15160760384886,337.140925176,410.314865697,7.8995673239999995,4.5747282899999995,10.693294523999999,19.731457515,4.678582061999999,35.646744407999996,44.219691086999994
2022,11,3,1530.87,45.603932584269664,339.925397064,413.703686583,7.964810435999999,4.6125113099999995,10.781611236,19.894421084999998,4.717222818,35.94115351199999,44.584904793
2022,11,4,1645.06,45.0,365.280966832,444.562494954,8.558918167999998,4.95656578,11.585828567999998,21.378377229999998,5.069087883999999,38.622060655999995,47.910562934
2022,11,5,1627.42,45.0,361.36405422400003,439.795445478,8.467140775999999,4.90341646,11.461593576,21.14913661,5.014731988,38.207915792,47.396817338000005
2022,11,6,1568.75,45.0,348.336545,423.94041187500005,8.161892499999999,4.72664375,11.0483925,20.386690625,4.83394625,36.830485,45.688118125
2022,11,7,1568.45,45.0,348.26993084,423.85933960499995,8.16033166,4.72573985,11.04627966,20.382791975,4.83302183,36.82344172,45.679380955
2022,11,8,1334.22,496.9042429863204,296.259815184,360.560813598,6.941679816,4.02000486,9.396644616,17.33885601,4.111265508,31.324283471999998,38.857689858
2022,11,9,1104.17,443.2155320717621,245.177856824,298.391894553,5.744775676,3.32686421,7.7764484760000006,14.349241235,3.4023894379999997,25.923261591999996,32.157736662999994
2022,11,10,1296.01,174.53105681483663,287.775391672,350.234908809,6.7428808280000005,3.90487813,9.127539228,16.842297955,3.9935252140000004,30.427204376,37.744865639000004
2022,11,11,1285.23,65.15204271123491,285.381722856,347.321711907,6.686794643999999,3.8723979899999996,9.051617843999999,16.702206465,3.9603077219999996,30.174115848,37.430909997
2022,11,12,1254.95,45.18900742115028,278.65813363999996,339.138817455,6.529253859999999,3.78116435,8.83836186,16.308702725,3.86700293,29.463214119999996,36.549038304999996
2022,11,13,1219.85,45.0,270.86427691999995,329.65336186499997,6.34663558,3.6754080499999993,8.59115958,15.852560675,3.7588457899999996,28.63915036,35.526789414999996
2022,11,14,1241.39,45.0,275.647173608,335.474350851,6.458703892000001,3.74030807,8.742861492000001,16.132483745000002,3.8252191460000002,29.144857864000002,36.154118221000004
2022,11,15,1252.0,76.28763627928555,278.0030944,338.3416068,6.5139056,3.772276,8.8175856,16.270366,3.8579128000000003,29.3939552,36.4631228
2022,11,16,1215.24,45.0,269.840639328,328.407551316,6.322650672000001,3.6615181199999998,8.558692272,15.79265142,3.7446405360000004,28.530918624,35.392528236000004
2022,11,17,1199.45,45.38411518810961,266.33451404,324.140447505,6.2404984599999995,3.61394285,8.44748646,15.587452475,3.69598523,28.16020732,34.932661855
2022,11,18,1210.98,52.45648642376421,268.89471825600003,327.25632508200005,6.3004867440000005,3.64868274,8.528689944,15.73729059,3.7315137720000005,28.430904048,35.268460422
2022,11,19,1216.52,45.0,270.12485974400005,328.753459668,6.329310256000001,3.66537476,8.567707056,15.80928566,3.748584728,28.560969952000004,35.429806828
2022,11,20,1140.47,45.0,253.23817018399998,308.201639223,5.9336373159999996,3.4362361099999994,8.032102115999999,14.820977885,3.5142442579999997,26.775498472,33.214934233
2022,11,21,1105.99,48.377160205511444,245.581982728,298.883732991,5.754244772,3.33234787,7.789266372,14.372893045000001,3.407997586,25.965990824000002,32.210742161
2022,11,22,1137.75,45.0,252.63420180000003,307.466583975,5.9194857,3.42804075,8.0129457,14.785630125,3.50586285,26.711639400000003,33.135717225
2022,11,23,1183.69,45.06417112299465,262.83505016800007,319.88145092100007,6.158502332000001,3.5664579700000005,8.336491932000001,15.382643395,3.6474223660000007,27.790200344000006,34.473669191000006
2022,11,24,1202.96,45.0,267.11389971200003,325.0889930640001,6.258760288000001,3.6245184800000003,8.472206688,15.633066680000002,3.7068009440000003,28.242613696000003,35.034886744000005
2022,11,25,1198.4,45.0,266.10136448000003,323.85669456,6.23503552,3.6107792,8.44009152,15.573807200000001,3.69274976,28.13555584,34.90208176
2022,11,26,1204.94,45.0,267.55355316800006,325.62407004600004,6.269061832,3.6304842200000005,8.486151432000002,15.658797770000001,3.7129021160000004,28.289099344,35.092552066
2022,11,27,1193.2,45.0,264.94671904,322.45144188,6.20798096,3.5951116000000005,8.40346896,15.5062306,3.6767264800000006,28.013472319999998,34.75063748
2022,11,28,1167.3,45.0,259.19569656,315.45220257,6.07322844,3.5170749,8.22106044,15.169647150000001,3.5969182199999996,27.405402480000003,33.99632847
2022,11,29,1215.7,45.0,269.94278104,328.53186213000004,6.32504396,3.6629041,8.56193196,15.79862935,3.7460579800000007,28.541718320000005,35.40592523
2022,11,30,1294.92,45.0,287.533360224,349.940346228,6.737209776,3.90159396,9.119862576,16.82813286,3.990166488,30.401613792,37.713120587999995
2022,12,1,1276.36,45.0,283.412164192,344.924675124,6.6406458079999995,3.84567268,8.989148208,16.58693638,3.9329757039999995,29.965869536,37.172581004
2022,12,2,1295.61,45.01527403414196,287.686572792,350.126812449,6.740799708000001,3.9036729300000004,9.124722108,16.837099755,3.992292654,30.417813336,37.733216079
2022,12,3,1241.13,45.0,275.589441336,335.404088217,6.457351163999999,3.7395246899999997,8.741030364,16.129104915,3.824417982,29.138753688,36.146546007000005
2022,12,4,1279.89,45.0,284.19599080800003,345.87862550100004,6.659011692000001,3.856308570000001,9.014009292,16.632810495,3.943853046,30.048745464000003,37.275388371000005
2022,12,5,1258.65,45.0,279.47970828,340.138708785,6.54850422,3.7923124500000003,8.86442022,16.356786075,3.87840411,29.550081239999997,36.656796735
2022,12,6,1271.38,45.03339517625232,282.306369136,343.578875442,6.614735864,3.83066794,8.954075064000001,16.52221879,3.9176303320000003,29.848951088000003,37.027543982000005
2022,12,7,1231.35,54.55511811023622,273.41781972,332.761132215,6.40646778,3.7100575499999997,8.67215178,16.002008925,3.7942818899999993,28.909142759999995,35.861714264999996
2022,12,8,1280.28,45.0,284.282589216,345.984019452,6.661040784,3.85748364,9.016755984,16.637878739999998,3.9450547919999996,30.057901727999997,37.286746692
2022,12,9,1262.95,277.29056865464634,280.43451124,341.300744655,6.570876260000001,3.8052683500000004,8.894704260000001,16.412666725,3.8916541300000005,29.65103492,36.782029505000004
2022,12,10,1266.34,45.0,281.187251248,342.216861306,6.588513752,3.81548242,8.918579351999998,16.456721469999998,3.9021000759999995,29.730623983999998,36.880759526
2022,12,11,1263.27,45.0,280.505566344,341.387221743,6.572541156,3.80623251,8.896957956,16.416825285,3.892640178,29.658547752000004,36.791349153000006
2022,12,12,1275.37,45.03388257136226,283.192337464,344.657136633,6.635495036,3.8426898099999995,8.982175836,16.574070835,3.9299251179999994,29.942626712,37.143748343
2022,12,13,1320.43,45.017413512886,293.197784296,356.834191587,6.8699332040000005,3.9784555900000003,9.299524404000001,17.159648065000003,4.068773002,31.000527368000004,38.45607127700001
2022,12,14,1307.5,45.03507962150935,290.326714,353.33997674999995,6.8026610000000005,3.9394975,9.208461,16.99161625,4.0289304999999995,30.696962,38.07949925
2022,12,15,1266.59,45.0,281.24276304800003,342.284421531,6.589814452000001,3.81623567,8.920340052,16.459970345,3.902870426,29.736493384000003,36.888040501
2022,12,16,1167.85,45.0,259.31782252,315.600835065,6.07608998,3.51873205,8.22493398,15.176794675,3.5986129899999995,27.418315160000002,34.012346615
2022,12,17,1187.11,45.0,263.594451592,320.805674799,6.176295907999999,3.5767624299999996,8.360578308,15.427088004999998,3.6579607539999994,27.870493735999997,34.573272929
2022,12,18,1183.19,45.0,262.724026568,319.746330471,6.155900932000001,3.5649514700000005,8.332970532000001,15.376145645,3.645881666,27.778461544000006,34.459107241000005
2022,12,19,1167.68,45.0,259.28007449600005,315.554894112,6.075205504000001,3.5182198400000004,8.223736704,15.174585440000001,3.598089152,27.414323968000005,34.007395552000006
2022,12,20,1217.55,45.0,270.35356836,329.03180779499996,6.334669139999999,3.66847815,8.57496114,15.822671024999998,3.7517585699999993,28.585151879999998,35.459804444999996
2022,12,21,1213.84,45.05103387593489,269.52977324799997,328.029214056,6.315366752,3.65729992,8.548832352,15.77445772,3.7403265759999997,28.498049984,35.351754776
2022,12,22,1217.51,45.0,270.34468647200003,329.02099815900004,6.334461028000001,3.66835763,8.574679428000001,15.822151205,3.751635314,28.584212776,35.458639489
2022,12,23,1219.97,45.0,270.890922584,329.68579077299995,6.3472599160000005,3.67576961,8.592004716,15.854120134999999,3.759215558,28.641967672,35.530284283
2022,12,24,1220.49,45.0,271.00638712800003,329.826316041,6.349965372,3.67733637,8.595666971999998,15.860877795,3.760817886,28.654176024,35.545428711
2022,12,25,1218.3,45.0,270.52010376000004,329.23448847000003,6.33857124,3.6707378999999998,8.58024324,15.83241765,3.75406962,28.60276008,35.481647370000005
2022,12,26,1227.3,45.0,272.51852856,331.66665657,6.385396439999999,3.6978549,8.643628439999999,15.94937715,3.7818022199999994,28.81405848,35.74376246999999
2022,12,27,1211.07,45.0,268.914702504,327.280646763,6.300954996,3.6489539099999995,8.529323796,15.738460185,3.731791098,28.433017031999995,35.271081573
2022,12,28,1189.27,45.00835073068894,264.074073544,321.389395143,6.187533956,3.58327051,8.375790755999999,15.455158285000001,3.6646165780000004,27.921205352,34.636180553
2022,12,29,1200.06,45.0,266.46996283199996,324.305294454,6.243672168,3.6157807799999997,8.451782567999999,15.595379729999998,3.6978648839999995,28.174528655999996,34.950427434
2022,12,30,1199.12,45.032947057486936,266.261238464,324.0512680079999,6.2387815359999985,3.6129485599999995,8.445162336,15.583163959999997,3.694968367999999,28.152459711999995,34.923050968
2022,12,31,1195.0,45.0,265.346404,322.9378755,6.217346,3.600535,8.416146,15.5296225,3.682273,28.055732,34.8030605
2023,1,1,1200.1,45.0,266.47884472,324.31610409,6.24388028,3.6159012999999995,8.452064279999998,15.59589955,3.6979881399999996,28.17546776,34.951592389999995
2023,1,2,1213.98,47.07726014760148,269.56085985600004,328.06704778200003,6.316095144,3.65772174,8.549818344,15.77627709,3.740757972,28.501336848,35.355832122
2023,1,3,1214.11,45.0,269.58972599199996,328.1021790989999,6.3167715079999995,3.6581134299999993,8.550733907999998,15.777966504999997,3.741158553999999,28.504388935999998,35.35961822899999
2023,1,4,1256.42,56.72493632785367,278.984543024,339.536071578,6.536901976000001,3.7855934600000003,8.848714776000001,16.32780611,3.8715325880000004,29.497726192000002,36.591850438
2023,1,5,1250.73,45.0,277.72109445599995,337.998400857,6.507298044,3.7684494899999996,8.808641244,16.253861715,3.853999422,29.364138647999997,36.42613544699999
2023,1,6,1268.71,45.0,281.713503112,342.857332239,6.6008443880000005,3.8226232300000005,8.935270788,16.487520805,3.9094029940000006,29.786265896000003,36.949783169
2023,1,7,1263.86,45.0,280.63657419199996,341.54666387399993,6.575610807999999,3.8080101799999997,8.901113207999998,16.42449263,3.8944582039999993,29.672399535999993,36.80853225399999
2023,1,8,1288.62,45.00626740947075,286.134462864,348.237828558,6.704432135999999,3.88261206,9.075492936,16.74626121,3.9707536679999995,30.253704912,37.529640018
2023,1,9,1320.11,48.367616400277974,293.12672919199997,356.747714499,6.868268308,3.9774914299999997,9.297270708,17.155489505,4.067786954,30.993014535999997,38.446751629
2023,1,10,1335.42,45.0,296.526271824,360.885102678,6.947923176000001,4.023620460000001,9.405095976000002,17.35445061,4.114963188,31.352456592,38.892638538
2023,1,11,1388.95,45.91153492647059,308.41245844,375.351098055,7.22642906,4.184906349999999,9.78209706,18.050099725000003,4.27991053,32.60921252,40.451640905000005
2023,1,12,1416.05,45.0,314.42993756000004,382.674626445,7.36742494,4.2665586499999995,9.97295694,18.402277775,4.36341647,33.24545548,41.240898595
2023,1,13,1451.18,47.959675550405564,322.23045569600004,392.168189262,7.550199304,4.37240534,10.220370504000002,18.85880969,4.471666052,34.070223568,42.264021202
2023,1,14,1550.07,74.04733317940429,344.188703304,418.892311863,8.064704196,4.67036091,10.916832996,20.143934685,4.7763856979999995,36.391923432,45.144083673000004
2023,1,15,1552.71,45.16016713091922,344.774907912,419.605747839,8.078439588,4.67831523,10.935425988,20.178242805000004,4.784520594,36.453904296,45.220970769000004
2023,1,16,1577.02,45.0,350.17287534400003,426.17530411800004,8.204919656,4.75156126,11.106636456,20.49416341,4.859429427999999,37.024644752,45.928972778
2023,1,17,1565.15,61.33163501621121,347.53717508000005,422.9675446350001,8.143162420000001,4.7157969500000005,11.023038420000002,20.339906825,4.822853210000001,36.74596564000001,45.583272085000004
2023,1,18,1512.28,79.08893006021306,335.797539616,408.67990825199996,7.868090383999999,4.55649964,10.650685584,19.65283474,4.659939592,35.504704927999995,44.043491492
2023,1,19,1551.2,45.0,344.43961664,419.19768408,8.07058336,4.6737656,10.92479136,20.1586196,4.779867680000001,36.41845312,45.17699368
2023,1,20,1659.02,45.86051401869159,368.38074574399997,448.33505791799996,8.631549256,4.99862726,11.684146056,21.55979441,5.112104228,38.949807952,48.317132578
2023,1,21,1626.68,45.0,361.199739296,439.595467212,8.463290704,4.90118684,11.456381904,21.13951994,5.0124517520000005,38.190542368,47.375265652
2023,1,22,1627.79,45.0,361.446211688,439.895434611,8.469065812,4.9045312700000006,11.464199412000001,21.153944945,5.015872106,38.216602504,47.407593181
2023,1,23,1626.47,45.0,361.153109384,439.53871662299997,8.462198116,4.90055411,11.454902916,21.136790885,5.011804658,38.185612072000005,47.369149633
2023,1,24,1556.12,86.58893006021306,345.532088864,420.527269308,8.096181136,4.68858956,10.959441936,20.222557459999997,4.795028168,36.533962912,45.320283268
2023,1,25,1610.94,50.54715240949965,357.70471636800005,435.3418754460001,8.381398632,4.85376222,11.345528232000001,20.934970770000003,4.963950516000001,37.821004944,46.91685546600001
2023,1,26,1601.35,46.07275254865616,355.57528372,432.75026521499996,8.331503779999998,4.82486755,11.27798778,20.810343924999998,4.93439989,37.595854759999995,46.637557265
2023,1,27,1597.86,61.0360422405877,354.800338992,431.807124474,8.313346008,4.81435218,11.253408408,20.76498963,4.923645804,37.513917936,46.535914854
2023,1,28,1572.46,45.0,349.160340112,424.94300561399996,8.181194888,4.73782198,11.074521288,20.434903929999997,4.845378244,36.917586895999996,45.796167794
2023,1,29,1645.46,65.02336994624912,365.369785712,444.67059131400003,8.560999288000001,4.95777098,11.588645688,21.38357543,5.070320444,38.631451696,47.92221249400001
2023,1,30,1566.49,45.0102017157431,347.834718328,423.329667441,8.150134172000001,4.719834370000001,11.032475772000002,20.357320795,4.826982286000001,36.777425624,45.622298111000006
2023,1,31,1585.47,45.59949390384173,352.04917418400004,428.45883972300004,8.248883316,4.77702111,11.166148116,20.603975385000002,4.885467258,37.223030472000005,46.175069733
2023,2,1,1641.61,135.34330781721178,364.514903992,443.630163849,8.540968507999999,4.94617093,11.561530908,21.333542755,5.058457054,38.541062935999996,47.810085478999994
2023,2,2,1642.74,45.0,364.765817328,443.93553606599994,8.546847672,4.94957562,11.569489272,21.34822767,5.061939036,38.567592624,47.842995486
2023,2,3,1663.97,45.0,369.479879384,449.672750373,8.657303116000001,5.013541610000001,11.719007916,21.624122135,5.127357158000001,39.066022072,48.461295883000005
2023,2,4,1666.89,45.0,370.12825720800004,450.46185380099996,8.672495292,5.02233957,11.739572892,21.662068995,5.136354846,39.134576664,48.546337671
2023,2,5,1629.8,45.0,361.89252656,440.43861882,8.47952344,4.9105874,11.47835544,21.1800659,5.0220657200000005,38.263792480000006,47.46613222
2023,2,6,1614.31,45.0,358.453015432,436.252587279,8.398932068,4.8639160299999995,11.369262468,20.978765605,4.974334834,37.900124456,47.015003009
2023,2,7,1671.61,45.0,371.17631999199995,451.73739084899995,8.697052508,5.036560929999999,11.772814907999999,21.723407755,5.150899053999999,39.245390936,48.68380247899999
2023,2,8,1650.95,45.18011126564673,366.58882484,446.154213855,8.58956266,4.97431235,11.627310660000001,21.454920725,5.087237330000001,38.76034372,48.082102705000004
2023,2,9,1545.78,67.17373078714485,343.23612081600004,417.732978402,8.042384184,4.65743514,10.886619384,20.08818399,4.763166492,36.291204528,45.019142142
2023,2,10,1513.79,45.55362520268705,336.13283088799994,409.08797201100003,7.875946612,4.56104927,10.661320212,19.672457944999998,4.664592506,35.540156104,44.087468581
2023,2,11,1538.79,45.0,341.684010888,415.84399451099995,8.006016612,4.636374269999999,10.837390211999999,19.997345444999997,4.7416275059999995,36.127096104,44.815566081
2023,2,12,1515.42,45.0,336.494767824,409.528464678,7.884427176,4.56596046,10.672799976,19.693640610000003,4.669615188,35.578424592000005,44.134940538
2023,2,13,1506.37,45.04821511358368,334.485240664,407.08278453299994,7.8373418359999985,4.53869281,10.609062635999999,19.576031335,4.641728518,35.365952312,43.871369243
2023,2,14,1556.14,389.378453038674,345.536529808,420.532674126,8.096285192000002,4.68864982,10.959582791999999,20.22281737,4.795089796,36.534432464,45.320865746
2023,2,15,1675.34,45.16550925925926,372.004556048,452.74538940599996,8.716458952,5.04779942,11.799084552,21.771880969999998,5.162392676,39.332962384,48.792434625999995
2023,2,16,1638.41,59.10099606208015,363.80435295200004,442.765392969,8.524319548000001,4.93652933,11.538993948000002,21.291957155000002,5.048596574,38.465934616000006,47.716888999
2023,2,17,1694.3,100.65608342989572,376.21457096,457.86915687,8.815104040000001,5.1049259,11.932616040000001,22.01827565,5.22081602,39.77809768,49.34462377
2023,2,18,1691.98,54.32857142857143,375.699421456,457.242197982,8.803033544,5.0979357400000005,11.916276744,21.988126089999998,5.213667172,39.723629648,49.27705632199999
2023,2,19,1681.25,54.662193428968074,373.316855,454.34251312500004,8.7472075,5.06560625,11.8407075,21.848684374999998,5.1806037499999995,39.471715,48.964556875
2023,2,20,1703.53,45.86527293844367,378.26406661600004,460.36348037700003,8.863125884,5.13273589,11.997621084,22.138224115000003,5.249257342,39.994795928,49.613437367
2023,2,21,1659.64,45.02430555555556,368.518415008,448.50260727600005,8.634774991999999,5.00049532,11.688512592,21.56785162,5.114014696,38.964364064,48.335189396
2023,2,22,1643.28,85.3511330491362,364.885722816,444.0814661519999,8.549657183999999,4.95120264,11.573292383999998,21.35524524,5.063602992,38.580270528,47.858722392
2023,2,23,1650.59,48.43762922122674,366.508887848,446.05692713099995,8.587689652,4.973227669999999,11.624775252,21.450242345,5.086128026,38.751891783999994,48.071618101
2023,2,24,1607.86,52.00115794349236,357.020810992,434.50953347399997,8.365374008,4.84448218,11.323836407999998,20.894944629999998,4.954459803999999,37.748693935999995,46.827153853999995
2023,2,25,1594.76,45.02158774373259,354.111992672,430.96937768399994,8.297217327999999,4.80501188,11.231575728,20.724703579999996,4.914093464,37.441137376,46.44563076399999
2023,2,26,1641.47,45.0,364.483817384,443.592330123,8.540240116,4.94574911,11.560544916000001,21.331723385,5.058025658,38.537776072,47.806008133000006
2023,2,27,1633.45,45.0,362.70299883999996,441.42499810500004,8.49851366,4.92158485,11.504061660000001,21.227499475000002,5.03331283,38.34948572,47.572434455
2023,2,28,1604.71,50.959221501390175,356.321362312,433.65827463900007,8.348985188,4.834991230000001,11.301651588000002,20.854008805000003,4.944753394,37.674739496,46.73541356900001
2023,3,1,1665.59,46.75075283761872,369.839595848,450.110540631,8.665731652,5.01842267,11.730417252,21.645174845,5.132349026,39.104055783999996,48.508476601
2023,3,2,1647.77,46.11006805914105,365.882714744,445.294847793,8.573017755999999,4.96473101,11.604914555999999,21.413595035,5.077438478,38.685684952,47.989488703
2023,3,3,1569.61,65.1098493626883,348.52750559199995,424.172819049,8.166366907999999,4.72923493,11.054449307999999,20.397866754999995,4.836596254,36.85067573599999,45.713164678999995
2023,3,4,1566.92,45.0,347.930198624,423.445871028,8.152371376000001,4.721129960000001,11.035504176000002,20.36290886,4.828307288,36.787520992,45.634821388
2023,3,5,1564.75,63.20294523699954,347.4483562,422.85944827500003,8.1410813,4.714591749999999,11.0202213,20.334708625,4.82162065,36.7365746,45.571622525
2023,3,6,1565.91,48.36504324078289,347.705930952,423.17292771900003,8.147116548000001,4.718086830000001,11.028390948000002,20.349783405000004,4.825195074000001,36.763808616000006,45.605406249000005
2023,3,7,1561.63,59.002069917203315,346.75556893600003,422.016296667,8.124848564,4.705191190000001,10.998247764000002,20.294162665000005,4.812006682000001,36.663324488,45.48075595700001
2023,3,8,1532.6,57.40991199629458,340.30953872,414.17120334000003,7.97381128,4.617723799999999,10.79379528,19.9169033,4.72255364,35.98176976,44.63528914
2023,3,9,1437.65,100.1832219405393,319.22615708000006,388.511829885,7.479805420000001,4.33163945,10.12508142,18.682980575000002,4.42997471,33.75257164,41.869974835
2023,3,10,1431.49,45.85168334849863,317.858346328,386.847145941,7.447756172,4.31307937,10.081697772,18.602928294999998,4.410993286,33.607949624,41.690571610999996
2023,3,11,1483.07,625.9808982963345,329.31154090399997,400.786171563,7.716116595999998,4.46848991,10.444965395999999,19.273236185,4.569931897999999,34.818924232,43.19278237299999
2023,3,12,1591.33,46.931871208586095,353.350370776,430.0424513969999,8.279371723999999,4.79467729,11.207418923999999,20.680129015,4.9035242619999995,37.36060920799999,46.345735786999995
2023,3,13,1681.01,121.25891616489115,373.263563672,454.27765530899995,8.745958828,5.064883129999999,11.839017228,21.845565455,5.179864213999999,39.466080376,48.957567139
2023,3,14,1705.17,56.71032571032571,378.62822402399996,460.806675453,8.871658476,5.1376772100000005,12.009171276,22.159536735,5.254310838,40.033299192,49.661200563
2023,3,15,1656.21,45.40546802594995,367.756793112,447.575680989,8.616929387999999,4.9901607299999995,11.664355788,21.523277055,5.103445494,38.883835896,48.235294419
2023,3,16,1677.0,45.0,372.37315440000003,453.19398929999994,8.725095600000001,5.052801,11.8107756,21.793453500000002,5.1675078,39.3719352,48.8407803
2023,3,17,1793.32,57.95454545454545,398.201684704,484.628410788,9.330285296,5.40327316,12.629994095999999,23.30509006,5.525936248,42.102849632,52.228472348
2023,3,18,1763.2,45.0,391.51362304,476.48875488,9.17357696,5.3125216,12.417864960000001,22.9136656,5.43312448,41.39570432000001,51.35126048000001
2023,3,19,1785.0,45.12277904328018,396.35425200000003,482.38000650000004,9.286998,5.378205,12.571398,23.196967500000003,5.500299,41.907516,51.98616150000001
2023,3,20,1738.45,45.080592867068084,386.01795484,469.800292605,9.04480766,5.237949850000001,12.24355566,22.592026975000003,5.35685983,40.814633719999996,50.630443955000004
2023,3,21,1807.45,45.0,401.33921164,488.446914705,9.40380086,5.44584685,12.72950886,23.488716475,5.56947643,42.43458812,52.639993055
2023,3,22,1738.86,45.037062775075285,386.108994192,469.911091374,9.046940807999999,5.23918518,12.246443207999999,22.59735513,5.358123204,40.824259536,50.642384754000005
2023,3,23,1817.28,45.37757702107945,403.521935616,491.10338275199996,9.454944384,5.47546464,12.798739584,23.61646224,5.599766592,42.665372928000004,52.926280991999995
2023,3,24,1751.74,45.1559696342305,388.968962128,473.39179416599995,9.113952872,5.27799262,12.337154471999998,22.76473717,5.397811635999999,41.126651024,51.017500586
2023,3,25,1743.88,45.01662433618102,387.223671136,471.267700692,9.073058864,5.25431044,12.281798064,22.662592540000002,5.373591832,40.942117088,50.788586732
2023,3,26,1775.76,45.0,394.302535872,479.88298058399994,9.238924127999999,5.35036488,12.506322528,23.076889079999997,5.471826864,41.690582976,51.717056664
2023,3,27,1716.16,46.16859657248726,381.06852275200004,463.77662294400005,8.928837248,5.170790080000001,12.086571648000001,22.302357280000003,5.288175424,40.291318016000005,49.98127222400001
2023,3,28,1773.53,48.25799955247259,393.807370616,479.28034337700007,9.227321884,5.34364589,12.490617084,23.047909115,5.4649553420000005,41.638227928,51.652110367000006
2023,3,29,1793.51,45.0,398.243873672,484.679756559,9.331273828,5.403845629999999,12.631332228,23.307559205,5.526521713999999,42.107310375999994,52.234005889
2023,3,30,1794.03,45.0,398.35933821599997,484.820281827,9.333979284,5.4054123899999995,12.634994483999998,23.314316865,5.528124042,42.119518728,52.249150316999994
2023,3,31,1822.21,45.48158443363447,404.616628312,492.435670389,9.480594188,5.490318729999999,12.833460588000001,23.680530055,5.614957894,42.781117496,53.069861818999996
2023,4,1,1821.54,45.14540402871035,404.467856688,492.254608986,9.477108311999999,5.48830002,12.828741912,23.67182307,5.612893356,42.765387503999996,53.05034880599999
2023,4,2,1795.54,45.0,398.69462948800003,485.22834558600005,9.341835512000001,5.40996202,12.645629112000002,23.33394007,5.532776956,42.154969904,52.293127406
2023,4,3,1811.0,49.343916570104284,402.1274792,489.4062699,9.4222708,5.456543,12.754510799999998,23.534850499999997,5.5804154,42.5179336,52.7433829
2023,4,4,1871.62,49.19078490391294,415.58798046399994,505.78827325799995,9.737664536,5.63919106,13.181445336,24.32263771,5.767209868,43.941145711999994,54.508873718
2023,4,5,1909.49,45.0,423.996907928,516.022296141,9.934694572,5.75329337,13.448156171999997,24.814777295,5.883902485999999,44.83024242399999,55.611795811
2023,4,6,1873.09,45.05377839592026,415.914389848,506.185527381,9.745312651999999,5.643620169999999,13.191798251999998,24.341741094999996,5.771739526,43.97565778399999,54.551685850999995
2023,4,7,1864.8,54.1008111239861,414.07361856,503.94523032,9.702181439999999,5.6186424,13.13341344,24.234008399999997,5.746194719999999,43.78102848,54.31024872
2023,4,8,1849.9,50.1040369088812,410.76511528,499.91864091,9.62465972,5.5737487,13.028475720000001,24.040375450000003,5.7002818600000005,43.43121224,53.87630261
2023,4,9,1859.71,45.0,412.943398312,502.569704139,9.675699188000001,5.60330623,13.097565588000002,24.167861305,5.7305103939999995,43.661527496000005,54.162008069
2023,4,10,1911.12,45.0,424.358844864,516.462788808,9.943175136,5.75820456,13.459635936,24.835959959999997,5.888925168,44.868510912,55.659267768
2023,4,11,1891.58,55.778112682587526,420.0200425759999,511.182281622,9.841512424,5.69933054,13.322019624000001,24.58202789,5.828714612,44.409758608,55.090186761999995
2023,4,12,1918.78,45.0,426.05972641600005,518.532834102,9.983028584000001,5.78128414,13.513583784,24.93550549,5.9125286919999995,45.048349328,55.882356842
2023,4,13,2013.84,49.6533735219105,447.16753324800004,544.2219340559999,10.477606752,6.06769992,14.183072352,26.17085772,6.205446576,47.280129984,58.650874775999995
2023,4,14,2101.61,47.79824358678068,466.656615992,567.940977849,10.934256508,6.332150930000001,14.801218908000003,27.311472755000004,6.475901054000001,49.34075893600001,61.207079479
2023,4,15,2092.42,45.0,464.616002224,565.4574639780001,10.886442776,6.304461460000001,14.736495576000003,27.19204411,6.447582988000001,49.124999792000004,60.93943083800001
2023,4,16,2120.19,45.0,470.782252968,572.9620537710001,11.030924532000002,6.38813247,14.932074132,27.552929145000004,6.533153466000001,49.776972744000005,61.748201541
2023,4,17,2075.87,49.63892741562645,460.94112106399996,560.984977083,10.800336435999998,6.254596309999999,14.619937236,26.976968584999998,6.396585818,48.736445511999996,60.457430293
2023,4,18,2104.28,60.10525103638876,467.24948201600006,568.6625210520001,10.948147984,6.34019564,14.820023184,27.34617074,6.484128392000001,49.403444128000004,61.28484029200001
2023,4,19,1936.48,105.94021739130434,429.989961856,523.316098032,10.075118144,5.83461424,13.638241343999999,25.165525839999997,5.9670694719999995,45.463902848,56.397849871999995
2023,4,20,1943.17,524.1848225214198,431.47545762399994,525.124009653,10.109924876,5.85477121,13.685357675999999,25.252465734999994,5.987684037999999,45.620967992,56.592688763
2023,4,21,1849.16,45.05601659751037,410.600800352,499.71866264400006,9.620809648,5.571519080000001,13.023264048000001,24.030758780000003,5.698001624000001,43.41383881600001,53.85475092400001
2023,4,22,1874.46,45.0,416.218594512,506.55575741399997,9.752440488,5.64774798,13.201446887999998,24.35954493,5.775961044,44.007822096,54.591585594
2023,4,23,1862.42,45.0097267253358,413.545146224,503.30205697800005,9.689798776,5.611471460000001,13.116651576000002,24.20307911,5.738860988000001,43.725151792,54.240933838000004
2023,4,24,1842.51,45.0,409.12418647199996,497.921560659,9.586211028,5.55148263,12.976429428,23.944338705,5.677510314,43.257712776,53.661076989
2023,4,25,1866.48,45.013705103969755,414.44665785599994,504.399235032,9.710922144,5.62370424,13.145245344000001,24.255840839999998,5.751371472,43.820470848,54.35917687199999
2023,4,26,1866.8,54.16819642037632,414.5177129599999,504.48571211999996,9.712587039999999,5.6246684,13.14749904,24.259999399999998,5.7523575199999994,43.827983679999996,54.36849652
2023,4,27,1909.41,45.39647985178323,423.97914415200006,516.000676869,9.934278348,5.75305233,13.447592748,24.813737655,5.883655974,44.828364216000004,55.609465899
2023,4,28,1892.75,47.48031496062992,420.2798378,511.498463475,9.8475997,5.70285575,13.3302597,24.597232625,5.83231985,44.4372274,55.124261725000004
2023,4,29,1909.22,45.008337193144975,423.93695518400006,515.949331098,9.933289816,5.75247986,13.446254616000001,24.81126851,5.883070507999999,44.823903472,55.603932357999994
2023,4,30,1870.13,64.9030162412993,415.257130136,505.385614317,9.729912364,5.634701690000001,13.170951564,24.303274415,5.762618582,43.906164088,54.465479107
2023,5,1,1831.54,146.2616545405551,406.68832868799996,494.95701798600004,9.529136312,5.51843002,12.899169912,23.801778069999997,5.643707356,43.000163504,53.341587806
2023,5,2,1871.77,795.7228496959166,415.62128754400004,505.828809393,9.738444956,5.6396430099999995,13.182501756,24.324587035,5.767672078,43.944667351999996,54.513242303
2023,5,3,1905.9,270.00254237288135,423.19975848,515.05213131,9.91601652,5.7424767,13.42287252,24.76812345,5.87284026,44.74595784,55.507241009999994
2023,5,4,1878.56,491.5492600422833,417.128988032,507.663745104,9.773771967999998,5.660101279999999,13.230322368,24.412826479999996,5.788594783999999,44.104080255999996,54.710993584
2023,5,5,1996.34,2735.450623202301,443.281707248,539.492718306,10.386557752,6.01497242,14.059823352,25.94343647,6.151522076,46.86927198400001,58.141206526
2023,5,6,1901.99,3261.113169754632,422.33155392800006,513.9954893910001,9.895673572000002,5.73069587,13.395335172,24.717311045000002,5.860791986000001,44.654160424,55.393366561
2023,5,7,1879.53,2142.652279340446,417.344373816,507.925878777,9.778818683999999,5.66302389,13.237153884,24.425432115,5.791583741999999,44.126853528,54.739243767
2023,5,8,1853.92,2281.051826258638,411.657745024,501.005009328,9.645574976,5.585860960000001,13.056787776,24.092617360000002,5.712669088,43.525592192,53.993380688
2023,5,9,1849.03,2109.2838388411046,410.57193421599993,499.683531327,9.620133284,5.57112739,13.022348483999998,24.029069364999998,5.6976010420000005,43.410786728,53.850964817000005
2023,5,10,1842.72,2060.1532110091744,409.170816384,497.97831124799995,9.587303616000002,5.55211536,12.977908416,23.947067760000003,5.678157408,43.262643072,53.667193008000005
2023,5,11,1795.53,2157.621713729309,398.692409016,485.225643177,9.341783484,5.40993189,12.645558684,23.333810115000002,5.532746142000001,42.154735128,52.292836167000004
2023,5,12,1808.22,222.61206535400083,401.510187984,488.655000198,9.407807016,5.44816686,12.734931816,23.49872301,5.571849108,42.452665872,52.662418458000005
2023,5,13,1796.24,45.0,398.850062528,485.417514216,9.345477472,5.41207112,12.650559072,23.343036920000003,5.534933936000001,42.171404224,52.31351413600001
2023,5,14,1800.22,45.0,399.73381038400004,486.493072998,9.366184616,5.42406286,12.678589416,23.39475901,5.547197908,42.264845072,52.429427258000004
2023,5,15,1816.85,204.54630071599044,403.42645532,490.987179165,9.452707179999999,5.4741690499999995,12.79571118,23.610874174999996,5.598441589999999,42.655277559999995,52.913757714999996
2023,5,16,1824.52,108.8367198838897,405.129557344,493.059926868,9.492612656,5.4972787599999995,12.849729456,23.710549659999998,5.622075928,42.835350752000004,53.137138027999995
2023,5,17,1822.22,62.625318877551024,404.618848784,492.43837279800005,9.480646216,5.49034886,12.833531015999998,23.68066001,5.614988708,42.781352272,53.070153058
2023,5,18,1800.56,178.34990677439404,399.80930643199997,486.584954904,9.367953567999999,5.42508728,12.680983967999998,23.39917748,5.548245584,42.272827456,52.439329384
2023,5,19,1812.73,62.844573881054565,402.51162085600004,489.87378665700004,9.431271644,5.46175549,12.766694844000002,23.557332715,5.585746222,42.558549848,52.793767247
2023,5,20,1820.02,45.0,404.130344944,491.843842818,9.469200056,5.48372026,12.818036856,23.65206991,5.608209628,42.729701552,53.00608047800001
2023,5,21,1805.42,65.99907557198983,400.888455824,487.898325678,9.393239176,5.43973046,12.715211976,23.46233561,5.563221188,42.386928592000004,52.580871538
2023,5,22,1817.8,88.56784151117255,403.63740015999997,491.24390801999994,9.45764984,5.4770314,12.80240184,23.6232199,5.6013689200000005,42.67758128,52.94142542
2023,5,23,1854.47,95.6989010989011,411.77987098399996,501.15364182300004,9.648436516,5.5875181099999995,13.060661316,24.099764885,5.7143638580000005,43.538504872,54.009398833
2023,5,24,1799.99,45.25155187703222,399.682739528,486.43091759099997,9.364987972000002,5.42336987,12.676969571999999,23.391770045,5.5464891860000005,42.259445224000004,52.422728761
2023,5,25,1806.11,56.749710312862106,401.041668392,488.084791899,9.396829107999999,5.441809429999999,12.720071508,23.471302504999997,5.565347353999999,42.40312813599999,52.60096702899999
2023,5,26,1828.69,45.0,406.05549416800005,494.1868314210001,9.514308332,5.50984297,12.879097932,23.764740895,5.634925366,42.933252344,53.258584690999996
2023,5,27,1830.95,45.083044982698965,406.55732084,494.797575855,9.52606666,5.51665235,12.895014660000001,23.794110725,5.641889330000001,42.986311719999996,53.324404705000006
2023,5,28,1909.21,45.0,423.9347347120001,515.946628689,9.933237788,5.75244973,13.446184188000002,24.811138555,5.883039694,44.823668696,55.603641119
2023,5,29,1893.01,45.00553377910998,420.33757007199995,511.56872610899995,9.848952428,5.70363913,13.332090828000002,24.600611455,5.833121014,44.443331576,55.131833938999996
2023,5,30,1901.24,55.1375,422.16501852799996,513.792808716,9.891771471999999,5.7284361200000005,13.390053071999999,24.70756442,5.858480935999999,44.636552224,55.371523636
2023,5,31,1874.04,45.0536540240518,416.12533468799995,506.442256236,9.750255312,5.64648252,13.198488912,24.354086820000003,5.774666856,43.997961504,54.579353556
2023,6,1,1862.13,50.964001870032725,413.480752536,503.22368711700005,9.688289964,5.6105976900000005,13.114609164,24.199310415000003,5.737967382000001,43.718343288,54.23248790700001
2023,6,2,1907.37,92.28064889918888,423.52616786399994,515.4493854329999,9.923664635999998,5.7469058099999994,13.433225435999999,24.787226835,5.877369917999999,44.780469911999994,55.550053142999985
2023,6,3,1892.61,45.0,420.24875119200004,511.460629749,9.846871307999999,5.70243393,13.329273708,24.595413254999997,5.8318884539999996,44.433940536,55.120184379
2023,6,4,1890.3,45.0,419.73582216,510.83637327,9.83485284,5.6954739,13.313004840000001,24.56539365,5.82477042,44.37970728,55.05290817
2023,6,5,1842.44,138.69717330861909,409.108643168,497.902643796,9.585846832,5.55127172,12.975936432,23.94342902,5.677294615999999,43.256069344,53.65903831599999
2023,6,6,1886.16,76.40411751098775,418.816546752,509.717575944,9.813313248,5.68300008,13.283847648,24.51159228,5.812013424,44.282510015999996,54.93233522399999
2023,6,7,1832.43,45.05067098565479,406.885950696,495.197532387,9.533766804,5.52111159,12.905438004,23.813344065,5.646449802,43.021058568,53.367508077000004
2023,6,8,1846.21,45.0,409.945761112,498.921451989,9.605461388,5.56263073,13.002487788,23.992422055000002,5.688911494,43.344579896,53.768835419000006
2023,6,9,1840.48,45.36574074074074,408.67343065600005,497.37297163200003,9.575649344,5.54536624,12.962132544000001,23.91795784,5.671255072,43.210053248,53.60195547200001
2023,6,10,1752.48,90.56054642278305,389.133277056,473.591772432,9.117802944000001,5.2802222400000005,12.342366144,22.77435384,5.400091872,41.144024447999996,51.039052272
2023,6,11,1753.15,45.0,389.28204868,473.77283383500003,9.12128882,5.28224095,12.347084820000001,22.783060825,5.40215641,41.15975444,51.058565285
2023,6,12,1742.62,45.0,386.94389166400003,470.92719715799996,9.066503336,5.25051406,12.272924135999999,22.64621821,5.369709267999999,40.912535311999996,50.751890618
2023,6,13,1739.25,45.0,386.1955926,470.01648532499996,9.0489699,5.24036025,12.2491899,22.602423375,5.3593249499999995,40.8334158,50.653743075
2023,6,14,1650.7,49.945740013853616,366.53331304,446.08665363,8.58826196,4.9735591,11.62554996,21.45167185,5.086466980000001,38.75447432000001,48.074821730000004
2023,6,15,1665.41,45.0,369.799627352,450.061897269,8.664795148,5.01788033,11.729149548,21.642835655,5.131794374,39.099829816,48.503234299000006
2023,6,16,1716.91,58.486091794158554,381.235058152,463.97930361900006,8.932739348,5.17304983,12.091853748,22.312103905,5.290486474,40.308926216,50.003115148999996
2023,6,17,1727.25,45.0,383.53102620000004,466.773594525,8.986536300000001,5.20420425,12.1646763,22.446477375,5.32234815,40.5516846,50.304256275
2023,6,18,1720.48,45.0,382.027766656,464.94406363199994,8.951313344,5.183806239999999,12.116996544,22.35849784,5.301487072,40.392741248,50.107087472
2023,6,19,1736.73,45.0,385.636033656,469.33547825700003,9.035858844,5.2327674900000005,12.231442044,22.569674715,5.3515598220000005,40.774252247999996,50.580350847
2023,6,20,1792.69,45.09722222222222,398.0617949680001,484.4581590210001,9.327007532000001,5.40137497,12.625557132,23.296902895000002,5.523994966,42.088058744,52.21012429100001
2023,6,21,1889.69,45.03797175272054,419.600373368,510.671526321,9.831679132,5.69363597,13.308708732,24.557466395,5.822890766,44.365385944,55.035142590999996
2023,6,22,1872.42,45.03425925925926,415.76561822400004,506.004465978,9.741826776,5.64160146,13.187079575999999,24.33303411,5.769674988,43.959927791999995,54.532172838
2023,6,23,1893.48,45.0,420.441932256,511.695739332,9.851397744,5.70505524,13.335400944,24.606719339999998,5.834569272,44.454366048,55.14552217200001
2023,6,24,1875.93,49.99652536483669,416.545003896,506.953011537,9.760088604,5.65217709,13.211799804000002,24.378648315,5.780490702000001,44.042334168000004,54.63439772700001
2023,6,25,1899.46,45.0,421.76977451199997,513.311779914,9.882510488,5.7230729799999995,13.377516887999999,24.68443243,5.852996044,44.594762096000004,55.31968309399999
2023,6,26,1859.19,45.0187543412827,412.82793376800004,502.42917887100003,9.672993732,5.60173947,13.093903332,24.161103645,5.728908066000001,43.649319144,54.146863640999996
2023,6,27,1889.74,45.06487488415199,419.611475728,510.68503836599996,9.831939272,5.69378662,13.309060872,24.558116169999998,5.823044836,44.36655982399999,55.036598786
2023,6,28,1827.52,49.127167630057805,405.795698944,493.870649568,9.508221056,5.50631776,12.870857856,23.74953616,5.6313201280000005,42.905783551999995,53.224509728
2023,6,29,1851.93,45.01064814814815,411.215871096,500.467229937,9.635221404,5.579865089999999,13.042772604,24.066756315,5.7065371019999995,43.478871768,53.935424127
2023,6,30,1933.48,46.77692842251564,429.32382025600003,522.505375332,10.059509744,5.82557524,13.617112944,25.126539340000004,5.957825272,45.393470048,56.310478172
